Submission ID,Common Name,Scientific Name,Taxonomic Order,Count,State/Province,County,Location ID,Location,Latitude,Longitude,Date,Time,Protocol,Duration (Min),All Obs Reported,Distance Traveled (km),Area Covered (ha),Number of Observers,Breeding Code,Observation Details,Checklist Comments,ML Catalog Numbers
S379122707,Black-bellied Whistling-Duck,Dendrocygna autumnalis,243,10,US-FL,Palm Beach,L4795535,Gladeview Rd.,26.6661316,-80.492734,2026-08-02,07:45 AM,eBird - Traveling Count,44,1,1.012,,2
S295249336,Black-bellied Whistling-Duck,Dendrocygna autumnalis,243,2,US-FL,Palm Beach,L246929,Green Cay Wetlands & Nature Center,26.4861584,-80.1607561,2026-01-19,03:40 PM,eBird - Traveling Count,126,1,1.37,,2,,,,649247175
S317316734,Black-bellied Whistling-Duck,Dendrocygna autumnalis,243,18,US-FL,Palm Beach,L246929,Green Cay Wetlands & Nature Center,26.4861584,-80.1607561,2026-04-05,08:53 AM,eBird - Traveling Count,93,1,1.207,,2
S302403212,Black-bellied Whistling-Duck,Dendrocygna autumnalis,243,3,US-FL,Palm Beach,L36267176,Lotus Palm,26.375345,-80.174207,2026-02-20,08:37 AM,eBird - Stationary Count,50,1,,,2
S197644941,Black-bellied Whistling-Duck,Dendrocygna autumnalis,243,X,US-FL,Palm Beach,L37089279,Near Home Depot,26.366388,-80.19531,2024-10-05,,eBird - Casual Observation,,0,,,1
S284602086,Black-bellied Whistling-Duck,Dendrocygna autumnalis,243,7,US-FL,Palm Beach,L1017638,Peaceful Waters Sanctuary,26.631443,-80.2332294,2025-11-15,09:31 AM,eBird - Traveling Count,191,1,1.742,,2
S207115735,Black-bellied Whistling-Duck,Dendrocygna autumnalis,243,2,US-FL,Palm Beach,L143084,Wakodahatchee Wetlands,26.4781984,-80.144738,2024-12-29,03:35 PM,eBird - Traveling Count,120,1,.807,,2
S220774453,Black-bellied Whistling-Duck,Dendrocygna autumnalis,243,X,US-FL,Palm Beach,L143084,Wakodahatchee Wetlands,26.4781984,-80.144738,2025-03-25,05:27 PM,eBird - Casual Observation,,0,,,1
S318087261,Black-bellied Whistling-Duck,Dendrocygna autumnalis,243,15,US-FL,Palm Beach,L143084,Wakodahatchee Wetlands,26.4781984,-80.144738,2026-04-06,05:21 PM,eBird - Traveling Count,100,1,.897,,2
S218821253,Graylag Goose,Anser anser,275,X,GB-ENG,London,L41276771,Hyde Park,51.505248,-.160343,2025-03-16,12:23 PM,eBird - Casual Observation,,0,,,1,,,,649415463
S312673001,Brant,Branta bernicla,314,1,IE-M,Kerry,L1274158,Slea Head (Ceann Sléibhe),52.0982394,-10.4552024,2026-03-17,01:00 PM,eBird - Traveling Count,300,0,48.28,,2,,,,653860163
S218821365,Canada Goose,Branta canadensis,342,X,GB-ENG,London,L41276771,Hyde Park,51.505248,-.160343,2025-03-16,12:24 PM,eBird - Casual Observation,,0,,,1
S357249328,Canada Goose,Branta canadensis,342,X,US-MA,Suffolk,L70091887,Duck Boat!,42.368591,-71.068122,2026-06-14,09:32 AM,eBird - Casual Observation,,0,,,1
S253232414,Canada Goose,Branta canadensis,342,X,US-MA,Suffolk,L48265080,From Airport,42.35428,-71.076781,2025-06-22,,eBird - Casual Observation,,0,,,1
S312675029,Mute Swan,Cygnus olor,377,20,IE-M,Cork,L27791359,Castlemartyr--Mitchell's Wood,51.9045138,-8.0587807,2026-03-20,,Historical,,0,,,2,,,,653860772
S311788197,Mute Swan,Cygnus olor,377,1,IE-L,Dublin,L1000689,St. Stephen's Green,53.3378434,-6.2589455,2026-03-22,09:34 AM,eBird - Traveling Count,11,0,.191,,2,,,,654180968 654180969
S218821949,Mute Swan,Cygnus olor,377,X,GB-ENG,London,L41276771,Hyde Park,51.505248,-.160343,2025-03-16,12:26 PM,eBird - Casual Observation,,0,,,1,,,,649415871
S289320598,Andean Goose,Oressochen melanopterus,400,2,PE-PUN,,L14866984,Lago Titicaca--Yanico,-15.7163426,-70.0248771,2025-12-20,08:01 AM,eBird - Traveling Count,116,1,2.249,,2,,,,648542386
S218823834,Egyptian Goose,Alopochen aegyptiaca,417,X,GB-ENG,London,L41276771,Hyde Park,51.505248,-.160343,2025-03-16,12:33 PM,eBird - Casual Observation,,0,,,1,,,,649415946
S210790006,Egyptian Goose,Alopochen aegyptiaca,417,4,US-FL,Palm Beach,L39730707,"3007 W Yamato Rd, Boca Raton US-FL 26.39699, -80.14767",26.39699,-80.147673,2025-01-26,01:26 PM,eBird - Traveling Count,14,1,.511,,2,,,Stopped for gas. Saw ducks!,629739208 629739217 629739237 629739243
S216501223,Egyptian Goose,Alopochen aegyptiaca,417,3,US-FL,Palm Beach,L36267176,Lotus Palm,26.375345,-80.174207,2025-03-03,05:17 PM,eBird - Stationary Count,5,1,,,2
S217107385,Egyptian Goose,Alopochen aegyptiaca,417,1,US-FL,Palm Beach,L1017638,Peaceful Waters Sanctuary,26.631443,-80.2332294,2025-03-07,03:36 PM,eBird - Traveling Count,169,1,4.097,,2
S284602086,Egyptian Goose,Alopochen aegyptiaca,417,2,US-FL,Palm Beach,L1017638,Peaceful Waters Sanctuary,26.631443,-80.2332294,2025-11-15,09:31 AM,eBird - Traveling Count,191,1,1.742,,2
S294091985,Egyptian Goose,Alopochen aegyptiaca,417,2,US-FL,Palm Beach,L57190929,"Town Center at Boca Raton, Boca Raton US-FL 26.36350, -80.13495",26.363498,-80.134949,2026-01-13,05:03 PM,eBird - Casual Observation,,0,,,2
S246151798,Egyptian Goose,Alopochen aegyptiaca,417,4,US-FL,Palm Beach,L1023544,Wellington Environmental Preserve,26.6293528,-80.3059387,2025-04-26,05:53 PM,eBird - Traveling Count,26,1,2.456,,2
S255599297,Muscovy Duck,Cairina moschata,445,X,GR-I,Central Athens,L48802176,Athens Gardens,37.973353,23.738291,2025-06-30,05:17 PM,eBird - Casual Observation,,0,,,1
S207052964,Muscovy Duck,Cairina moschata,445,X,US-FL,Palm Beach,L36267176,Lotus Palm,26.375345,-80.174207,2024-12-29,,eBird - Casual Observation,,0,,,1
S210790006,Muscovy Duck (Domestic type),Cairina moschata (Domestic type),446,10,US-FL,Palm Beach,L39730707,"3007 W Yamato Rd, Boca Raton US-FL 26.39699, -80.14767",26.39699,-80.147673,2025-01-26,01:26 PM,eBird - Traveling Count,14,1,.511,,2,,,Stopped for gas. Saw ducks!,629739260
S209378913,Muscovy Duck (Domestic type),Cairina moschata (Domestic type),446,1,US-FL,Palm Beach,L36267176,Lotus Palm,26.375345,-80.174207,2025-01-15,08:49 AM,eBird - Stationary Count,6,1,,,2
S278943265,Muscovy Duck (Domestic type),Cairina moschata (Domestic type),446,3,US-FL,Palm Beach,L7920142,Orchard View Park,26.436809,-80.113609,2025-10-12,09:46 AM,eBird - Traveling Count,133,1,.589,,2
S280309430,Muscovy Duck (Domestic type),Cairina moschata (Domestic type),446,1,US-FL,Palm Beach,L7920142,Orchard View Park,26.436809,-80.113609,2025-10-19,08:04 AM,eBird - Traveling Count,129,1,.51,,2
S280417048,Muscovy Duck (Domestic type),Cairina moschata (Domestic type),446,1,US-FL,Palm Beach,L7920142,Orchard View Park,26.436809,-80.113609,2025-10-19,08:11 AM,eBird - Traveling Count,126,1,.47,,16
S293450032,Muscovy Duck (Domestic type),Cairina moschata (Domestic type),446,2,US-FL,Palm Beach,L57054137,"SR-80 E, Belle Glade US-FL 26.72593, -80.57089",26.725935,-80.570894,2026-01-10,09:32 AM,eBird - Stationary Count,3,1,,,2
S290741191,Torrent Duck,Merganetta armata,468,1,PE-CUS,,L1811275,Inkaterra Machu Picchu Pueblo Hotel,-13.1576666,-72.5224949,2025-12-28,06:28 AM,eBird - Traveling Count,106,1,.425,,7,,,,648482180
S289320598,Puna Teal,Spatula puna,484,6,PE-PUN,,L14866984,Lago Titicaca--Yanico,-15.7163426,-70.0248771,2025-12-20,08:01 AM,eBird - Traveling Count,116,1,2.249,,2,,,,648542718
S208206321,Blue-winged Teal,Spatula discors,485,5,US-FL,Palm Beach,L246929,Green Cay Wetlands & Nature Center,26.4861584,-80.1607561,2025-01-05,03:13 PM,eBird - Traveling Count,165,1,1.605,,2,,,,628632141
S212516841,Blue-winged Teal,Spatula discors,485,1,US-FL,Palm Beach,L246929,Green Cay Wetlands & Nature Center,26.4861584,-80.1607561,2025-02-08,03:40 PM,eBird - Traveling Count,183,1,1.899,,2,,,,630426188
S295249336,Blue-winged Teal,Spatula discors,485,5,US-FL,Palm Beach,L246929,Green Cay Wetlands & Nature Center,26.4861584,-80.1607561,2026-01-19,03:40 PM,eBird - Traveling Count,126,1,1.37,,2,,,,649247999
S303034767,Blue-winged Teal,Spatula discors,485,2,US-FL,Palm Beach,L635288,Loxahatchee NWR--Marsh Trail,26.4928139,-80.2168894,2026-02-22,07:53 AM,eBird - Traveling Count,177,1,2.553,,2
S272229417,Blue-winged Teal,Spatula discors,485,50,US-FL,Palm Beach,L52591272,Palm Beach Pelagics 9/7/25,26.462213,-79.845355,2025-09-07,07:05 AM,eBird - Traveling Count,255,1,46.333,,5,,,,649391160
S217107385,Blue-winged Teal,Spatula discors,485,10,US-FL,Palm Beach,L1017638,Peaceful Waters Sanctuary,26.631443,-80.2332294,2025-03-07,03:36 PM,eBird - Traveling Count,169,1,4.097,,2
S284602086,Blue-winged Teal,Spatula discors,485,2,US-FL,Palm Beach,L1017638,Peaceful Waters Sanctuary,26.631443,-80.2332294,2025-11-15,09:31 AM,eBird - Traveling Count,191,1,1.742,,2,,,,645279576 645279584
S207115735,Blue-winged Teal,Spatula discors,485,1,US-FL,Palm Beach,L143084,Wakodahatchee Wetlands,26.4781984,-80.144738,2024-12-29,03:35 PM,eBird - Traveling Count,120,1,.807,,2,,,,628239905
S318087261,Blue-winged Teal,Spatula discors,485,4,US-FL,Palm Beach,L143084,Wakodahatchee Wetlands,26.4781984,-80.144738,2026-04-06,05:21 PM,eBird - Traveling Count,100,1,.897,,2
S288731495,Cinnamon Teal,Spatula cyanoptera,487,8,PE-LIM,,L855862,Refugio de Vida Silvestre Los Pantanos de Villa--Laguna Costera y Playa Marvilla,-12.2243504,-76.9878852,2025-12-15,12:31 PM,eBird - Traveling Count,24,1,.47,,3,,,,648426163
S312675029,Eurasian Wigeon,Mareca penelope,512,2,IE-M,Cork,L27791359,Castlemartyr--Mitchell's Wood,51.9045138,-8.0587807,2026-03-20,,Historical,,0,,,2,,,,653860709
S241630693,Mallard,Anas platyrhynchos,545,X,US-MD,Anne Arundel,L45745857,Naval Academy,38.97756,-76.48644,2025-05-23,,eBird - Casual Observation,,0,,,1,,,,649414463
S312674100,Mallard,Anas platyrhynchos,545,3,IE-M,Cork,L17754994,Kinsale Harbour,51.7044427,-8.5194294,2026-03-19,,Historical,,0,,,,,,,653993694
S353361204,Mallard,Anas platyrhynchos,545,50,US-AZ,Maricopa,L144858,Riparian Preserve at Gilbert Water Ranch,33.3614502,-111.7339478,2026-06-06,06:52 AM,eBird - Traveling Count,92,1,.812,,2
S353361204,Mallard (Domestic type),Anas platyrhynchos (Domestic type),548,5,US-AZ,Maricopa,L144858,Riparian Preserve at Gilbert Water Ranch,33.3614502,-111.7339478,2026-06-06,06:52 AM,eBird - Traveling Count,92,1,.812,,2
S210790006,Mottled Duck,Anas fulvigula,575,2,US-FL,Palm Beach,L39730707,"3007 W Yamato Rd, Boca Raton US-FL 26.39699, -80.14767",26.39699,-80.147673,2025-01-26,01:26 PM,eBird - Traveling Count,14,1,.511,,2,,,Stopped for gas. Saw ducks!,629739274
S208206321,Mottled Duck,Anas fulvigula,575,1,US-FL,Palm Beach,L246929,Green Cay Wetlands & Nature Center,26.4861584,-80.1607561,2025-01-05,03:13 PM,eBird - Traveling Count,165,1,1.605,,2,,,,628632693
S212516841,Mottled Duck,Anas fulvigula,575,2,US-FL,Palm Beach,L246929,Green Cay Wetlands & Nature Center,26.4861584,-80.1607561,2025-02-08,03:40 PM,eBird - Traveling Count,183,1,1.899,,2
S317316734,Mottled Duck,Anas fulvigula,575,1,US-FL,Palm Beach,L246929,Green Cay Wetlands & Nature Center,26.4861584,-80.1607561,2026-04-05,08:53 AM,eBird - Traveling Count,93,1,1.207,,2
S208517533,Mottled Duck,Anas fulvigula,575,2,US-FL,Palm Beach,L36267176,Lotus Palm,26.375345,-80.174207,2025-01-08,09:53 AM,eBird - Casual Observation,,0,,,1,,,,628773676
S296014747,Mottled Duck,Anas fulvigula,575,2,US-FL,Palm Beach,L36267176,Lotus Palm,26.375345,-80.174207,2026-01-24,12:42 PM,eBird - Casual Observation,,0,,,2,,,,649520293
S304220603,Mottled Duck,Anas fulvigula,575,2,US-FL,Palm Beach,L36267176,Lotus Palm,26.375345,-80.174207,2026-02-27,08:04 AM,eBird - Stationary Count,5,1,,,1
S215126133,Mottled Duck,Anas fulvigula,575,2,US-FL,Palm Beach,L635288,Loxahatchee NWR--Marsh Trail,26.4928139,-80.2168894,2025-02-23,02:55 PM,eBird - Traveling Count,193,1,6.954,,2
S303034767,Mottled Duck,Anas fulvigula,575,1,US-FL,Palm Beach,L635288,Loxahatchee NWR--Marsh Trail,26.4928139,-80.2168894,2026-02-22,07:53 AM,eBird - Traveling Count,177,1,2.553,,2,,,,651506809
S284602086,Mottled Duck,Anas fulvigula,575,7,US-FL,Palm Beach,L1017638,Peaceful Waters Sanctuary,26.631443,-80.2332294,2025-11-15,09:31 AM,eBird - Traveling Count,191,1,1.742,,2
S318087261,Mottled Duck,Anas fulvigula,575,2,US-FL,Palm Beach,L143084,Wakodahatchee Wetlands,26.4781984,-80.144738,2026-04-06,05:21 PM,eBird - Traveling Count,100,1,.897,,2
S212424922,Mallard x Mottled Duck (hybrid),Anas platyrhynchos x fulvigula,578,2,US-FL,Palm Beach,L36267176,Lotus Palm,26.375345,-80.174207,2025-02-07,02:00 PM,eBird - Stationary Count,15,0,,,2,,Standing in the shade of nearby palm tree,,630367069 630367070
S288731495,White-cheeked Pintail,Anas bahamensis,585,50,PE-LIM,,L855862,Refugio de Vida Silvestre Los Pantanos de Villa--Laguna Costera y Playa Marvilla,-12.2243504,-76.9878852,2025-12-15,12:31 PM,eBird - Traveling Count,24,1,.47,,3,,,,648426224
S289320598,Yellow-billed Pintail,Anas georgica,606,200,PE-PUN,,L14866984,Lago Titicaca--Yanico,-15.7163426,-70.0248771,2025-12-20,08:01 AM,eBird - Traveling Count,116,1,2.249,,2,,,,648543105 648543147
S289320598,Yellow-billed Teal,Anas flavirostris,629,2,PE-PUN,,L14866984,Lago Titicaca--Yanico,-15.7163426,-70.0248771,2025-12-20,08:01 AM,eBird - Traveling Count,116,1,2.249,,2,,,,648543213
S289230019,Yellow-billed Teal,Anas flavirostris,629,X,PE-PUN,,L56113157,Puno Pier,-15.834966,-70.015507,2025-12-19,04:22 PM,eBird - Casual Observation,,0,,,1,,,,648543475 648543476 648543477
S293438784,Redhead,Aythya americana,667,3,US-FL,Palm Beach,L17096221,Royal Palm Post Office Retention Pond,26.6833175,-80.2079212,2026-01-10,08:17 AM,eBird - Traveling Count,35,1,.716,,2,,1 male and 3 females. Pics to follow,,648751863 648751938 648751962 648752000
S293438784,Ring-necked Duck,Aythya collaris,673,200,US-FL,Palm Beach,L17096221,Royal Palm Post Office Retention Pond,26.6833175,-80.2079212,2026-01-10,08:17 AM,eBird - Traveling Count,35,1,.716,,2,,,,648751900
S311788197,Tufted Duck,Aythya fuligula,687,1,IE-L,Dublin,L1000689,St. Stephen's Green,53.3378434,-6.2589455,2026-03-22,09:34 AM,eBird - Traveling Count,11,0,.191,,2,,,,654181441
S218824700,Tufted Duck,Aythya fuligula,687,X,GB-ENG,London,L41276771,Hyde Park,51.505248,-.160343,2025-03-16,,eBird - Casual Observation,,0,,,1,,,,649415827 649415828 649415829 649415830
S385853974,Lesser Scaup,Aythya affinis,700,1,US-FL,Palm Beach,L364884,Duda Farms - PRIVATE PROPERTY (Access via AE Trips Only),26.6485226,-80.6388446,2026-08-22,06:59 AM,eBird - Traveling Count,393,0,26.807,,2,,,,663526950
S289320598,Andean Duck,Oxyura ferruginea,780,2,PE-PUN,,L14866984,Lago Titicaca--Yanico,-15.7163426,-70.0248771,2025-12-20,08:01 AM,eBird - Traveling Count,116,1,2.249,,2
S289228951,Andean Duck,Oxyura ferruginea,780,X,PE-PUN,,L56112994,Puno Pier,-15.835777,-70.01497,2025-12-19,,eBird - Casual Observation,,0,,,1,,,,648543332 648543333
S272229417,duck sp.,Anatidae (duck sp.),792,100,US-FL,Palm Beach,L52591272,Palm Beach Pelagics 9/7/25,26.462213,-79.845355,2025-09-07,07:05 AM,eBird - Traveling Count,255,1,46.333,,5
S379166681,Northern Bobwhite,Colinus virginianus,1026,12,US-FL,Palm Beach,L581841,Browns Farm Rd.,26.6215822,-80.5616945,2026-08-02,09:42 AM,eBird - Traveling Count,8,0,1.453,,2,,Large group all by the side of the road. They all flew off over the field and large count was evident.,,662343756 662343757 662343758
S250400839,Northern Bobwhite,Colinus virginianus,1026,1,US-FL,Palm Beach,L2685255,Pine Glades Natural Area,26.9416978,-80.257144,2025-06-14,06:01 PM,eBird - Traveling Count,137,1,4.754,,2,,,,649391274
S350908315,Gambel's Quail,Callipepla gambelii,1105,24,US-AZ,Maricopa,L210015,Desert Botanical Garden,33.4618165,-111.9436349,2026-06-01,06:49 AM,eBird - Traveling Count,177,1,1.145,,8,,,,659058376 659058377 659058380
S338554327,Gambel's Quail,Callipepla gambelii,1105,2,US-AZ,Maricopa,L66127954,Eric and Deb’s,33.602171,-111.790297,2026-05-13,07:12 PM,eBird - Stationary Count,15,1,,,2
S340512989,Gambel's Quail,Callipepla gambelii,1105,5,US-AZ,Maricopa,L66211621,Mayo Clinic,33.660292,-111.957061,2026-05-16,05:19 PM,eBird - Traveling Count,11,1,.435,,2,,,,657664316
S353361204,Gambel's Quail,Callipepla gambelii,1105,9,US-AZ,Maricopa,L144858,Riparian Preserve at Gilbert Water Ranch,33.3614502,-111.7339478,2026-06-06,06:52 AM,eBird - Traveling Count,92,1,.812,,2
S253232552,Wild Turkey,Meleagris gallopavo,1274,X,US-MA,Suffolk,L48265110,From Airport,42.353113,-71.081446,2025-06-22,,eBird - Casual Observation,,0,,,1
S309363566,Ring-necked Pheasant,Phasianus colchicus,1477,2,GB-NIR,Antrim,L1123515,Giant's Causeway,55.2409208,-6.5116096,2026-03-15,10:42 AM,eBird - Traveling Count,37,0,1.083,,1,,,,653992954
S293491692,Red Junglefowl (Domestic type),Gallus gallus (Domestic type),1626,10,US-FL,Palm Beach,L10672121,Winn-Dixie Plaza,26.673724,-80.671824,2026-01-10,11:50 AM,eBird - Traveling Count,27,1,.715,,2,,,,648697376
S309084194,Rock Pigeon,Columba livia,1853,1,GB-NIR,Belfast,L60208887,Titanic,54.608212,-5.909529,2026-03-14,03:29 PM,eBird - Casual Observation,,0,,,1,,,,654183144
S254756088,Rock Pigeon,Columba livia,1853,X,GR-I,Central Athens,L48610434,Hill,37.969466,23.723131,2025-06-28,12:14 PM,eBird - Casual Observation,,0,,,1
S311788197,Rock Pigeon,Columba livia,1853,1,IE-L,Dublin,L1000689,St. Stephen's Green,53.3378434,-6.2589455,2026-03-22,09:34 AM,eBird - Traveling Count,11,0,.191,,2
S218817797,Rock Pigeon,Columba livia,1853,X,GB-ENG,London,L41276137,Hyde Park,51.504161,-.155089,2025-03-16,12:09 PM,eBird - Casual Observation,,0,,,1,,,,649415528
S291253783,Rock Pigeon,Columba livia,1853,X,PE-CUS,,L56582683,Ollytantambo Market,-13.256823,-72.265502,2025-12-30,04:35 PM,eBird - Casual Observation,,0,,,1
S254749815,Rock Pigeon (Feral Pigeon),Columba livia (Feral Pigeon),1868,11,GR-I,Central Athens,L3001052,Ακρόπολη Αθηνών (Acropolis of Athens),37.9715746,23.7257418,2025-06-28,11:10 AM,eBird - Traveling Count,19,0,.498,,2
S353361204,Rock Pigeon (Feral Pigeon),Columba livia (Feral Pigeon),1868,20,US-AZ,Maricopa,L144858,Riparian Preserve at Gilbert Water Ranch,33.3614502,-111.7339478,2026-06-06,06:52 AM,eBird - Traveling Count,92,1,.812,,2
S287036530,Rock Pigeon (Feral Pigeon),Columba livia (Feral Pigeon),1868,11,US-FL,Palm Beach,L870652,Boynton Beach Inlet Park,26.5446541,-80.0426102,2025-12-02,07:13 AM,eBird - Traveling Count,57,1,.607,,2
S208206321,Rock Pigeon (Feral Pigeon),Columba livia (Feral Pigeon),1868,1,US-FL,Palm Beach,L246929,Green Cay Wetlands & Nature Center,26.4861584,-80.1607561,2025-01-05,03:13 PM,eBird - Traveling Count,165,1,1.605,,2,,,,628629428
S212516841,Rock Pigeon (Feral Pigeon),Columba livia (Feral Pigeon),1868,1,US-FL,Palm Beach,L246929,Green Cay Wetlands & Nature Center,26.4861584,-80.1607561,2025-02-08,03:40 PM,eBird - Traveling Count,183,1,1.899,,2
S295249336,Rock Pigeon (Feral Pigeon),Columba livia (Feral Pigeon),1868,2,US-FL,Palm Beach,L246929,Green Cay Wetlands & Nature Center,26.4861584,-80.1607561,2026-01-19,03:40 PM,eBird - Traveling Count,126,1,1.37,,2,,,,649247891
S317316734,Rock Pigeon (Feral Pigeon),Columba livia (Feral Pigeon),1868,1,US-FL,Palm Beach,L246929,Green Cay Wetlands & Nature Center,26.4861584,-80.1607561,2026-04-05,08:53 AM,eBird - Traveling Count,93,1,1.207,,2
S278943265,Rock Pigeon (Feral Pigeon),Columba livia (Feral Pigeon),1868,1,US-FL,Palm Beach,L7920142,Orchard View Park,26.436809,-80.113609,2025-10-12,09:46 AM,eBird - Traveling Count,133,1,.589,,2
S285580884,Rock Pigeon (Feral Pigeon),Columba livia (Feral Pigeon),1868,20,US-FL,Palm Beach,L4478244,Sem-Chi Rice Road (Does Not Include Atlantic Sugar Mill),26.6668727,-80.4574621,2025-11-22,08:19 AM,eBird - Traveling Count,71,1,5.109,,2
S207115735,Rock Pigeon (Feral Pigeon),Columba livia (Feral Pigeon),1868,1,US-FL,Palm Beach,L143084,Wakodahatchee Wetlands,26.4781984,-80.144738,2024-12-29,03:35 PM,eBird - Traveling Count,120,1,.807,,2
S318087261,Rock Pigeon (Feral Pigeon),Columba livia (Feral Pigeon),1868,5,US-FL,Palm Beach,L143084,Wakodahatchee Wetlands,26.4781984,-80.144738,2026-04-06,05:21 PM,eBird - Traveling Count,100,1,.897,,2
S320230158,Rock Pigeon (Feral Pigeon),Columba livia (Feral Pigeon),1868,1,US-FL,Palm Beach,L143084,Wakodahatchee Wetlands,26.4781984,-80.144738,2026-04-11,02:02 PM,eBird - Traveling Count,35,0,.298,,2
S293491692,Rock Pigeon (Feral Pigeon),Columba livia (Feral Pigeon),1868,1,US-FL,Palm Beach,L10672121,Winn-Dixie Plaza,26.673724,-80.671824,2026-01-10,11:50 AM,eBird - Traveling Count,27,1,.715,,2
S288607894,Rock Pigeon (Feral Pigeon),Columba livia (Feral Pigeon),1868,5,PE-LIM,,L55952052,Barranco,-12.148151,-77.022237,2025-12-14,01:31 PM,eBird - Traveling Count,78,1,.881,,2,,,,648546739 648546740
S291473773,Rock Pigeon (Feral Pigeon),Columba livia (Feral Pigeon),1868,11,PE-CUS,,L9132151,Centro Arqueológico de Chinchero,-13.3894526,-72.0462584,2025-12-31,04:30 PM,eBird - Traveling Count,39,1,.649,,3
S312675029,Common Wood-Pigeon,Columba palumbus,1885,2,IE-M,Cork,L27791359,Castlemartyr--Mitchell's Wood,51.9045138,-8.0587807,2026-03-20,,Historical,,0,,,2,,,,653860671
S308303563,Common Wood-Pigeon,Columba palumbus,1885,7,GB-ENG,London,L12106872,Bethnal Green NR,51.5296166,-.0581845,2026-03-11,03:47 PM,eBird - Traveling Count,20,1,.132,,2
S218809007,Common Wood-Pigeon,Columba palumbus,1885,X,GB-ENG,London,L41274450,Green Park,51.503735,-.143144,2025-03-16,11:23 AM,eBird - Casual Observation,,0,,,1
S270664440,Scaly-naped Pigeon,Patagioenas squamosa,1948,1,PR-RG,,L323802,Bosque Nacional El Yunque--Portal del Yunque,18.3392677,-65.7613605,2025-08-31,09:27 AM,eBird - Traveling Count,192,1,22.948,,3
S291464349,Spot-winged Pigeon,Patagioenas maculosa,1953,X,PE-CUS,,L56625833,Textile Shop,-13.383325,-72.057027,2025-12-31,,eBird - Casual Observation,,0,,,1,,,,648241382
S254749815,Eurasian Collared-Dove,Streptopelia decaocto,2031,4,GR-I,Central Athens,L3001052,Ακρόπολη Αθηνών (Acropolis of Athens),37.9715746,23.7257418,2025-06-28,11:10 AM,eBird - Traveling Count,19,0,.498,,2
S209900589,Eurasian Collared-Dove,Streptopelia decaocto,2031,5,US-FL,Collier,L662521,Lowdermilk Park Beach,26.1630071,-81.8102932,2025-01-19,10:19 AM,eBird - Traveling Count,35,1,1.609,,2,,,,629421040
S352790290,Eurasian Collared-Dove,Streptopelia decaocto,2031,1,US-AZ,Maricopa,L999878,Northsight Park,33.6122247,-111.8988848,2026-06-05,06:44 AM,eBird - Traveling Count,101,1,.399,,2
S353361204,Eurasian Collared-Dove,Streptopelia decaocto,2031,4,US-AZ,Maricopa,L144858,Riparian Preserve at Gilbert Water Ranch,33.3614502,-111.7339478,2026-06-06,06:52 AM,eBird - Traveling Count,92,1,.812,,2
S287360299,Eurasian Collared-Dove,Streptopelia decaocto,2031,5,US-FL,Miami-Dade,L3954218,"South Beach, Miami",25.7843211,-80.1279857,2025-12-05,07:56 AM,eBird - Casual Observation,,0,,,1
S229614320,Eurasian Collared-Dove,Streptopelia decaocto,2031,2,US-FL,Palm Beach,L43468271,"12440 SR-7 N, Boynton Beach US-FL 26.49211, -80.20382",26.492114,-80.203816,2025-04-26,11:09 AM,eBird - Traveling Count,16,1,.908,,1
S229761681,Eurasian Collared-Dove,Streptopelia decaocto,2031,4,US-FL,Palm Beach,L22198774,Atlantic Sugar Mill,26.629057,-80.46935,2025-04-26,03:41 PM,eBird - Traveling Count,101,1,9.341,,1
S296202238,Eurasian Collared-Dove,Streptopelia decaocto,2031,1,US-FL,Palm Beach,L870652,Boynton Beach Inlet Park,26.5446541,-80.0426102,2026-01-25,09:36 AM,eBird - Traveling Count,37,1,.596,,2,,,,649602571
S217107385,Eurasian Collared-Dove,Streptopelia decaocto,2031,2,US-FL,Palm Beach,L1017638,Peaceful Waters Sanctuary,26.631443,-80.2332294,2025-03-07,03:36 PM,eBird - Traveling Count,169,1,4.097,,2
S257795363,Laughing Dove,Spilopelia senegalensis,2071,X,TR-34,,L49305136,Downtown,41.020503,28.961706,2025-07-07,04:19 PM,eBird - Casual Observation,,0,,,1
S205653690,Inca Dove,Columbina inca,2242,X,MX-DIF,Cuauhtémoc,L38664229,Roma,19.418421,-99.157277,2024-12-16,04:58 PM,eBird - Casual Observation,,0,,,1,,,,628765046
S340512989,Inca Dove,Columbina inca,2242,2,US-AZ,Maricopa,L66211621,Mayo Clinic,33.660292,-111.957061,2026-05-16,05:19 PM,eBird - Traveling Count,11,1,.435,,2,,,,657664200 657664201
S352790290,Inca Dove,Columbina inca,2242,2,US-AZ,Maricopa,L999878,Northsight Park,33.6122247,-111.8988848,2026-06-05,06:44 AM,eBird - Traveling Count,101,1,.399,,2
S250400839,Common Ground Dove,Columbina passerina,2243,1,US-FL,Palm Beach,L2685255,Pine Glades Natural Area,26.9416978,-80.257144,2025-06-14,06:01 PM,eBird - Traveling Count,137,1,4.754,,2
S288607894,Croaking Ground Dove,Columbina cruziana,2285,2,PE-LIM,,L55952052,Barranco,-12.148151,-77.022237,2025-12-14,01:31 PM,eBird - Traveling Count,78,1,.881,,2
S288467071,Croaking Ground Dove,Columbina cruziana,2285,X,PE-LIM,,L55950672,Miraflores,-12.134478,-77.025989,2025-12-13,05:13 PM,eBird - Casual Observation,,0,,,1,,,,646906147
S288607894,West Peruvian Dove,Zenaida meloda,2388,3,PE-LIM,,L55952052,Barranco,-12.148151,-77.022237,2025-12-14,01:31 PM,eBird - Traveling Count,78,1,.881,,2
S288467185,West Peruvian Dove,Zenaida meloda,2388,X,PE-LIM,,L55950672,Miraflores,-12.134478,-77.025989,2025-12-13,05:14 PM,eBird - Casual Observation,,0,,,1,,,,646906170
S288731385,West Peruvian Dove,Zenaida meloda,2388,1,PE-LIM,,L24387723,Refugio de Vida Silvestre Los Pantanos de Villa--Entrada,-12.2119372,-76.9902818,2025-12-15,10:47 AM,eBird - Traveling Count,91,1,.354,,3,,,,648547666
S350908315,White-winged Dove,Zenaida asiatica,2389,5,US-AZ,Maricopa,L210015,Desert Botanical Garden,33.4618165,-111.9436349,2026-06-01,06:49 AM,eBird - Traveling Count,177,1,1.145,,8,,,,659057986
S340512989,White-winged Dove,Zenaida asiatica,2389,5,US-AZ,Maricopa,L66211621,Mayo Clinic,33.660292,-111.957061,2026-05-16,05:19 PM,eBird - Traveling Count,11,1,.435,,2,,,,657664222
S353361204,White-winged Dove,Zenaida asiatica,2389,10,US-AZ,Maricopa,L144858,Riparian Preserve at Gilbert Water Ranch,33.3614502,-111.7339478,2026-06-06,06:52 AM,eBird - Traveling Count,92,1,.812,,2
S208206321,White-winged Dove,Zenaida asiatica,2389,10,US-FL,Palm Beach,L246929,Green Cay Wetlands & Nature Center,26.4861584,-80.1607561,2025-01-05,03:13 PM,eBird - Traveling Count,165,1,1.605,,2,,,,628632177
S207115735,White-winged Dove,Zenaida asiatica,2389,1,US-FL,Palm Beach,L143084,Wakodahatchee Wetlands,26.4781984,-80.144738,2024-12-29,03:35 PM,eBird - Traveling Count,120,1,.807,,2
S270664440,Zenaida Dove,Zenaida aurita,2393,1,PR-RG,,L323802,Bosque Nacional El Yunque--Portal del Yunque,18.3392677,-65.7613605,2025-08-31,09:27 AM,eBird - Traveling Count,192,1,22.948,,3,,,,641433693
S290995950,Eared Dove,Zenaida auriculata,2400,20,PE-CUS,,L56519534,El Alberque Hotel,-13.262395,-72.270609,2025-12-29,08:50 AM,eBird - Traveling Count,51,1,.183,,2
S289878605,Eared Dove,Zenaida auriculata,2400,X,PE-CUS,,L56255286,Hotel Monastery,-13.515331,-71.976781,2025-12-23,02:38 PM,eBird - Casual Observation,,0,,,1,,,,648362117
S288731495,Eared Dove,Zenaida auriculata,2400,1,PE-LIM,,L855862,Refugio de Vida Silvestre Los Pantanos de Villa--Laguna Costera y Playa Marvilla,-12.2243504,-76.9878852,2025-12-15,12:31 PM,eBird - Traveling Count,24,1,.47,,3
S210096916,Mourning Dove,Zenaida macroura,2412,X,US-FL,Collier,L39591071,"Downtown Naples, FL",26.1403414,-81.8032212,2025-01-20,11:58 AM,eBird - Stationary Count,10,1,,,2,,,,629422081
S350908315,Mourning Dove,Zenaida macroura,2412,6,US-AZ,Maricopa,L210015,Desert Botanical Garden,33.4618165,-111.9436349,2026-06-01,06:49 AM,eBird - Traveling Count,177,1,1.145,,8,,,,659058281
S340512989,Mourning Dove,Zenaida macroura,2412,1,US-AZ,Maricopa,L66211621,Mayo Clinic,33.660292,-111.957061,2026-05-16,05:19 PM,eBird - Traveling Count,11,1,.435,,2,,,,657664237
S352790290,Mourning Dove,Zenaida macroura,2412,19,US-AZ,Maricopa,L999878,Northsight Park,33.6122247,-111.8988848,2026-06-05,06:44 AM,eBird - Traveling Count,101,1,.399,,2
S353361204,Mourning Dove,Zenaida macroura,2412,4,US-AZ,Maricopa,L144858,Riparian Preserve at Gilbert Water Ranch,33.3614502,-111.7339478,2026-06-06,06:52 AM,eBird - Traveling Count,92,1,.812,,2
S304650724,Mourning Dove,Zenaida macroura,2412,2,US-FL,Miami-Dade,L59347015,The Biltmore,25.740724,-80.279906,2026-02-28,12:23 PM,eBird - Casual Observation,,0,,,2
S212516841,Mourning Dove,Zenaida macroura,2412,3,US-FL,Palm Beach,L246929,Green Cay Wetlands & Nature Center,26.4861584,-80.1607561,2025-02-08,03:40 PM,eBird - Traveling Count,183,1,1.899,,2
S302683075,Mourning Dove,Zenaida macroura,2412,2,US-FL,Palm Beach,L36267176,Lotus Palm,26.375345,-80.174207,2026-02-21,09:12 AM,eBird - Stationary Count,7,1,,,2
S208893235,Mourning Dove,Zenaida macroura,2412,2,US-FL,Palm Beach,L127408,Loxahatchee NWR,26.4986442,-80.2246141,2025-01-11,12:03 PM,eBird - Traveling Count,194,1,2.489,,2,,,also checked on drive out to Bedner's,628980887
S209090098,Mourning Dove,Zenaida macroura,2412,5,US-FL,Palm Beach,L127408,Loxahatchee NWR,26.4986442,-80.2246141,2025-01-12,03:39 PM,eBird - Traveling Count,143,1,2.229,,2,,,,629008315 629008321 629009807
S278064862,Mourning Dove,Zenaida macroura,2412,3,US-FL,Palm Beach,L635288,Loxahatchee NWR--Marsh Trail,26.4928139,-80.2168894,2025-10-08,05:10 PM,eBird - Traveling Count,115,1,1.389,,2
S303034767,Mourning Dove,Zenaida macroura,2412,4,US-FL,Palm Beach,L635288,Loxahatchee NWR--Marsh Trail,26.4928139,-80.2168894,2026-02-22,07:53 AM,eBird - Traveling Count,177,1,2.553,,2
S283477696,Mourning Dove,Zenaida macroura,2412,1,US-FL,Palm Beach,L685923,Loxahatchee NWR--Visitor Center,26.4991985,-80.2124357,2025-11-08,08:06 AM,eBird - Traveling Count,95,1,2.282,,2
S293474276,Mourning Dove,Zenaida macroura,2412,2,US-FL,Palm Beach,L17950366,Paul Rardin Park,26.7492128,-80.6823063,2026-01-10,09:49 AM,eBird - Traveling Count,74,1,.307,,2,,,,648696748
S250400839,Mourning Dove,Zenaida macroura,2412,3,US-FL,Palm Beach,L2685255,Pine Glades Natural Area,26.9416978,-80.257144,2025-06-14,06:01 PM,eBird - Traveling Count,137,1,4.754,,2
S285580884,Mourning Dove,Zenaida macroura,2412,2,US-FL,Palm Beach,L4478244,Sem-Chi Rice Road (Does Not Include Atlantic Sugar Mill),26.6668727,-80.4574621,2025-11-22,08:19 AM,eBird - Traveling Count,71,1,5.109,,2
S285625770,Mourning Dove,Zenaida macroura,2412,2,US-FL,Palm Beach,L1023544,Wellington Environmental Preserve,26.6293528,-80.3059387,2025-11-22,11:22 AM,eBird - Traveling Count,108,1,1.852,,2
S350908315,Greater Roadrunner,Geococcyx californianus,3038,2,US-AZ,Maricopa,L210015,Desert Botanical Garden,33.4618165,-111.9436349,2026-06-01,06:49 AM,eBird - Traveling Count,177,1,1.145,,8,,,,659056612 659056613 659056615
S379122707,Common Nighthawk,Chordeiles minor,3492,3,US-FL,Palm Beach,L4795535,Gladeview Rd.,26.6661316,-80.492734,2026-08-02,07:45 AM,eBird - Traveling Count,44,1,1.012,,2,,,,662350682 662350683 662350684
S208206321,Chuck-will's-widow,Antrostomus carolinensis,3594,1,US-FL,Palm Beach,L246929,Green Cay Wetlands & Nature Center,26.4861584,-80.1607561,2025-01-05,03:13 PM,eBird - Traveling Count,165,1,1.605,,2,,,,628632210
S212516841,Chuck-will's-widow,Antrostomus carolinensis,3594,1,US-FL,Palm Beach,L246929,Green Cay Wetlands & Nature Center,26.4861584,-80.1607561,2025-02-08,03:40 PM,eBird - Traveling Count,183,1,1.899,,2,,Sitting on the ground in his regular area these days,,630433016 630433017
S295249336,Chuck-will's-widow,Antrostomus carolinensis,3594,1,US-FL,Palm Beach,L246929,Green Cay Wetlands & Nature Center,26.4861584,-80.1607561,2026-01-19,03:40 PM,eBird - Traveling Count,126,1,1.37,,2,,,,649243290
S241331546,Chimney Swift,Chaetura pelagica,3896,X,US-MD,Anne Arundel,L45683322,Dean St,38.977449,-76.495352,2025-05-22,05:15 PM,eBird - Casual Observation,,0,,,1,,,,649414656 649414657 649414658
S257115484,Alpine Swift,Tachymarptis melba,4077,5,GR-L,Mykonos,L36630684,Παραλία Μερχιάς (Merchias beach),37.47112,25.42858,2025-07-05,04:27 PM,eBird - Stationary Count,12,1,,,2
S258173006,Alpine Swift,Tachymarptis melba,4077,X,TR-34,,L49393401,Downtown,41.015311,28.972475,2025-07-08,08:46 PM,eBird - Casual Observation,,0,,,1
S257115484,Common Swift,Apus apus,4094,1,GR-L,Mykonos,L36630684,Παραλία Μερχιάς (Merchias beach),37.47112,25.42858,2025-07-05,04:27 PM,eBird - Stationary Count,12,1,,,2,,,,638491326 638491327
S290995950,Sparkling Violetear,Colibri coruscans,4354,2,PE-CUS,,L56519534,El Alberque Hotel,-13.262395,-72.270609,2025-12-29,08:50 AM,eBird - Traveling Count,51,1,.183,,2
S290741191,Sparkling Violetear,Colibri coruscans,4354,1,PE-CUS,,L1811275,Inkaterra Machu Picchu Pueblo Hotel,-13.1576666,-72.5224949,2025-12-28,06:28 AM,eBird - Traveling Count,106,1,.425,,7,,,,648482242
S291161388,Sparkling Violetear,Colibri coruscans,4354,4,PE-CUS,,L11989150,Santuario de Colibríes--Ensifera Camp,-13.2569681,-72.1739531,2025-12-30,06:32 AM,eBird - Traveling Count,103,1,.21,,2,,,,648238736 648239664 648240518
S289994557,Sparkling Violetear,Colibri coruscans,4354,1,PE-CUS,,L56281370,Sexy Woman,-13.506157,-71.97932,2025-12-24,11:01 AM,eBird - Casual Observation,,0,,,1,,,,647483098
S289878605,Lesser Violetear,Colibri cyanotus,4359,1,PE-CUS,,L56255286,Hotel Monastery,-13.515331,-71.976781,2025-12-23,02:38 PM,eBird - Casual Observation,,0,,,1,,,,647696844
S270664440,Green Mango,Anthracothorax viridis,4396,1,PR-RG,,L323802,Bosque Nacional El Yunque--Portal del Yunque,18.3392677,-65.7613605,2025-08-31,09:27 AM,eBird - Traveling Count,192,1,22.948,,3,,,,641433905
S291416031,Green-tailed Trainbearer,Lesbia nuna,4506,2,PE-CUS,,L2026362,Sitio Arqueológico Moray,-13.3300784,-72.1971703,2025-12-31,12:02 PM,eBird - Casual Observation,,0,,,3,,,,648237577 648237578 648237579 648237580 648237581
S291161388,Shining Sunbeam,Aglaeactis cupripennis,4604,4,PE-CUS,,L11989150,Santuario de Colibríes--Ensifera Camp,-13.2569681,-72.1739531,2025-12-30,06:32 AM,eBird - Traveling Count,103,1,.21,,2,,,,648238706 648238707
S290550957,Bronzy Inca,Coeligena coeligena,4614,X,PE-CUS,,L1811275,Inkaterra Machu Picchu Pueblo Hotel,-13.1576666,-72.5224949,2025-12-27,10:23 AM,eBird - Casual Observation,,0,,,1,,,,648547106 648547107
S290531410,Gould's Inca,Coeligena inca,4631,X,PE-CUS,,L1811275,Inkaterra Machu Picchu Pueblo Hotel,-13.1576666,-72.5224949,2025-12-27,10:20 AM,eBird - Casual Observation,,0,,,1,,,,648362208
S290530714,Chestnut-breasted Coronet,Boissonneaua matthewsii,4675,X,PE-CUS,,L1811275,Inkaterra Machu Picchu Pueblo Hotel,-13.1576666,-72.5224949,2025-12-27,10:14 AM,eBird - Casual Observation,,0,,,1
S290741191,Chestnut-breasted Coronet,Boissonneaua matthewsii,4675,5,PE-CUS,,L1811275,Inkaterra Machu Picchu Pueblo Hotel,-13.1576666,-72.5224949,2025-12-28,06:28 AM,eBird - Traveling Count,106,1,.425,,7,,,,648362435
S290995950,Giant Hummingbird,Patagona gigas,4718,1,PE-CUS,,L56519534,El Alberque Hotel,-13.262395,-72.270609,2025-12-29,08:50 AM,eBird - Traveling Count,51,1,.183,,2
S291161388,Giant Hummingbird,Patagona gigas,4718,3,PE-CUS,,L11989150,Santuario de Colibríes--Ensifera Camp,-13.2569681,-72.1739531,2025-12-30,06:32 AM,eBird - Traveling Count,103,1,.21,,2,,,,648239876 648240636
S280309430,Ruby-throated Hummingbird,Archilochus colubris,4802,1,US-FL,Palm Beach,L7920142,Orchard View Park,26.436809,-80.113609,2025-10-19,08:04 AM,eBird - Traveling Count,129,1,.51,,2,,,,649332974
S350908315,Black-chinned Hummingbird,Archilochus alexandri,4803,1,US-AZ,Maricopa,L210015,Desert Botanical Garden,33.4618165,-111.9436349,2026-06-01,06:49 AM,eBird - Traveling Count,177,1,1.145,,8
S339000574,Anna's Hummingbird,Calypte anna,4814,X,US-AZ,Maricopa,L66219320,Mayo Clinic,33.659673,-111.955882,2026-05-14,,eBird - Casual Observation,,0,,,1,,,,657534160
S339560753,Anna's Hummingbird,Calypte anna,4814,2,US-AZ,Maricopa,L66219320,Mayo Clinic,33.659673,-111.955882,2026-05-15,01:11 PM,eBird - Stationary Count,37,1,,,3
S352790290,Anna's Hummingbird,Calypte anna,4814,1,US-AZ,Maricopa,L999878,Northsight Park,33.6122247,-111.8988848,2026-06-05,06:44 AM,eBird - Traveling Count,101,1,.399,,2
S350908315,Costa's Hummingbird,Calypte costae,4818,1,US-AZ,Maricopa,L210015,Desert Botanical Garden,33.4618165,-111.9436349,2026-06-01,06:49 AM,eBird - Traveling Count,177,1,1.145,,8,,,,659057495
S270664440,Puerto Rican Emerald,Riccordia maugaeus,4865,1,PR-RG,,L323802,Bosque Nacional El Yunque--Portal del Yunque,18.3392677,-65.7613605,2025-08-31,09:27 AM,eBird - Traveling Count,192,1,22.948,,3
S288607894,Amazilia Hummingbird,Amazilis amazilia,5123,1,PE-LIM,,L55952052,Barranco,-12.148151,-77.022237,2025-12-14,01:31 PM,eBird - Traveling Count,78,1,.881,,2,,,,648361753
S290995950,Green-and-white Hummingbird,Elliotomyia viridicauda,5187,1,PE-CUS,,L56519534,El Alberque Hotel,-13.262395,-72.270609,2025-12-29,08:50 AM,eBird - Traveling Count,51,1,.183,,2
S290741191,Green-and-white Hummingbird,Elliotomyia viridicauda,5187,2,PE-CUS,,L1811275,Inkaterra Machu Picchu Pueblo Hotel,-13.1576666,-72.5224949,2025-12-28,06:28 AM,eBird - Traveling Count,106,1,.425,,7,,,,648482268
S290636415,Green-and-white Hummingbird,Elliotomyia viridicauda,5187,1,PE-CUS,,L1004819,Santuario Historico Machu Picchu--Machu Picchu Ruinas (Valqui B3.2),-13.163607,-72.546165,2025-12-27,02:15 PM,eBird - Traveling Count,171,1,.44,,2
S291161388,Green-and-white Hummingbird,Elliotomyia viridicauda,5187,4,PE-CUS,,L11989150,Santuario de Colibríes--Ensifera Camp,-13.2569681,-72.1739531,2025-12-30,06:32 AM,eBird - Traveling Count,103,1,.21,,2,,,,648239509
S280417048,hummingbird sp.,Trochilidae sp.,5214,2,US-FL,Palm Beach,L7920142,Orchard View Park,26.436809,-80.113609,2025-10-19,08:11 AM,eBird - Traveling Count,126,1,.47,,16,,,,643793660 643793661 643793662
S303034767,Sora,Porzana carolina,5455,1,US-FL,Palm Beach,L635288,Loxahatchee NWR--Marsh Trail,26.4928139,-80.2168894,2026-02-22,07:53 AM,eBird - Traveling Count,177,1,2.553,,2,,,,651484904
S217107385,Sora,Porzana carolina,5455,1,US-FL,Palm Beach,L1017638,Peaceful Waters Sanctuary,26.631443,-80.2332294,2025-03-07,03:36 PM,eBird - Traveling Count,169,1,4.097,,2
S284602086,Sora,Porzana carolina,5455,2,US-FL,Palm Beach,L1017638,Peaceful Waters Sanctuary,26.631443,-80.2332294,2025-11-15,09:31 AM,eBird - Traveling Count,191,1,1.742,,2,,,,649299203
S311788197,Eurasian Moorhen,Gallinula chloropus,5462,2,IE-L,Dublin,L1000689,St. Stephen's Green,53.3378434,-6.2589455,2026-03-22,09:34 AM,eBird - Traveling Count,11,0,.191,,2,,,,654181379
S218824102,Eurasian Moorhen,Gallinula chloropus,5462,X,GB-ENG,London,L41276771,Hyde Park,51.505248,-.160343,2025-03-16,,eBird - Casual Observation,,0,,,1,,,,649415731 649415732 649415733
S229614320,Common Gallinule,Gallinula galeata,5468,5,US-FL,Palm Beach,L43468271,"12440 SR-7 N, Boynton Beach US-FL 26.49211, -80.20382",26.492114,-80.203816,2025-04-26,11:09 AM,eBird - Traveling Count,16,1,.908,,1
S229761681,Common Gallinule,Gallinula galeata,5468,7,US-FL,Palm Beach,L22198774,Atlantic Sugar Mill,26.629057,-80.46935,2025-04-26,03:41 PM,eBird - Traveling Count,101,1,9.341,,1
S385853974,Common Gallinule,Gallinula galeata,5468,1,US-FL,Palm Beach,L364884,Duda Farms - PRIVATE PROPERTY (Access via AE Trips Only),26.6485226,-80.6388446,2026-08-22,06:59 AM,eBird - Traveling Count,393,0,26.807,,2
S379122707,Common Gallinule,Gallinula galeata,5468,2,US-FL,Palm Beach,L4795535,Gladeview Rd.,26.6661316,-80.492734,2026-08-02,07:45 AM,eBird - Traveling Count,44,1,1.012,,2
S208206321,Common Gallinule,Gallinula galeata,5468,14,US-FL,Palm Beach,L246929,Green Cay Wetlands & Nature Center,26.4861584,-80.1607561,2025-01-05,03:13 PM,eBird - Traveling Count,165,1,1.605,,2,,,,628632486
S212516841,Common Gallinule,Gallinula galeata,5468,6,US-FL,Palm Beach,L246929,Green Cay Wetlands & Nature Center,26.4861584,-80.1607561,2025-02-08,03:40 PM,eBird - Traveling Count,183,1,1.899,,2
S295249336,Common Gallinule,Gallinula galeata,5468,16,US-FL,Palm Beach,L246929,Green Cay Wetlands & Nature Center,26.4861584,-80.1607561,2026-01-19,03:40 PM,eBird - Traveling Count,126,1,1.37,,2
S317316734,Common Gallinule,Gallinula galeata,5468,9,US-FL,Palm Beach,L246929,Green Cay Wetlands & Nature Center,26.4861584,-80.1607561,2026-04-05,08:53 AM,eBird - Traveling Count,93,1,1.207,,2
S193604534,Common Gallinule,Gallinula galeata,5468,X,US-FL,Palm Beach,L36267176,Lotus Palm,26.375345,-80.174207,2024-09-01,03:13 PM,eBird - Casual Observation,,0,,,1
S208517533,Common Gallinule,Gallinula galeata,5468,1,US-FL,Palm Beach,L36267176,Lotus Palm,26.375345,-80.174207,2025-01-08,09:53 AM,eBird - Casual Observation,,0,,,1
S212660271,Common Gallinule,Gallinula galeata,5468,3,US-FL,Palm Beach,L36267176,Lotus Palm,26.375345,-80.174207,2025-02-09,03:02 PM,eBird - Traveling Count,10,1,.805,,2
S216501223,Common Gallinule,Gallinula galeata,5468,2,US-FL,Palm Beach,L36267176,Lotus Palm,26.375345,-80.174207,2025-03-03,05:17 PM,eBird - Stationary Count,5,1,,,2
S296014747,Common Gallinule,Gallinula galeata,5468,2,US-FL,Palm Beach,L36267176,Lotus Palm,26.375345,-80.174207,2026-01-24,12:42 PM,eBird - Casual Observation,,0,,,2
S296308258,Common Gallinule,Gallinula galeata,5468,3,US-FL,Palm Beach,L36267176,Lotus Palm,26.375345,-80.174207,2026-01-25,05:47 PM,eBird - Stationary Count,5,1,,,1
S300869847,Common Gallinule,Gallinula galeata,5468,2,US-FL,Palm Beach,L36267176,Lotus Palm,26.375345,-80.174207,2026-02-15,09:07 AM,eBird - Stationary Count,10,1,,,2,,,,651005638 651005639
S302403212,Common Gallinule,Gallinula galeata,5468,8,US-FL,Palm Beach,L36267176,Lotus Palm,26.375345,-80.174207,2026-02-20,08:37 AM,eBird - Stationary Count,50,1,,,2
S302683075,Common Gallinule,Gallinula galeata,5468,2,US-FL,Palm Beach,L36267176,Lotus Palm,26.375345,-80.174207,2026-02-21,09:12 AM,eBird - Stationary Count,7,1,,,2
S208893235,Common Gallinule,Gallinula galeata,5468,16,US-FL,Palm Beach,L127408,Loxahatchee NWR,26.4986442,-80.2246141,2025-01-11,12:03 PM,eBird - Traveling Count,194,1,2.489,,2,,,also checked on drive out to Bedner's,628981442
S209090098,Common Gallinule,Gallinula galeata,5468,X,US-FL,Palm Beach,L127408,Loxahatchee NWR,26.4986442,-80.2246141,2025-01-12,03:39 PM,eBird - Traveling Count,143,1,2.229,,2,,,,629009244
S224704037,Common Gallinule,Gallinula galeata,5468,1,US-FL,Palm Beach,L127408,Loxahatchee NWR,26.4986442,-80.2246141,2025-04-11,05:07 PM,eBird - Traveling Count,168,1,6.697,,2
S210840161,Common Gallinule,Gallinula galeata,5468,6,US-FL,Palm Beach,L635288,Loxahatchee NWR--Marsh Trail,26.4928139,-80.2168894,2025-01-26,03:08 PM,eBird - Traveling Count,184,1,2.069,,2
S215126133,Common Gallinule,Gallinula galeata,5468,1,US-FL,Palm Beach,L635288,Loxahatchee NWR--Marsh Trail,26.4928139,-80.2168894,2025-02-23,02:55 PM,eBird - Traveling Count,193,1,6.954,,2
S278064862,Common Gallinule,Gallinula galeata,5468,9,US-FL,Palm Beach,L635288,Loxahatchee NWR--Marsh Trail,26.4928139,-80.2168894,2025-10-08,05:10 PM,eBird - Traveling Count,115,1,1.389,,2
S293531388,Common Gallinule,Gallinula galeata,5468,7,US-FL,Palm Beach,L635288,Loxahatchee NWR--Marsh Trail,26.4928139,-80.2168894,2026-01-10,02:47 PM,eBird - Traveling Count,36,1,.995,,2,,,,648752294
S303034767,Common Gallinule,Gallinula galeata,5468,19,US-FL,Palm Beach,L635288,Loxahatchee NWR--Marsh Trail,26.4928139,-80.2168894,2026-02-22,07:53 AM,eBird - Traveling Count,177,1,2.553,,2
S283477696,Common Gallinule,Gallinula galeata,5468,1,US-FL,Palm Beach,L685923,Loxahatchee NWR--Visitor Center,26.4991985,-80.2124357,2025-11-08,08:06 AM,eBird - Traveling Count,95,1,2.282,,2
S217107385,Common Gallinule,Gallinula galeata,5468,1,US-FL,Palm Beach,L1017638,Peaceful Waters Sanctuary,26.631443,-80.2332294,2025-03-07,03:36 PM,eBird - Traveling Count,169,1,4.097,,2
S284602086,Common Gallinule,Gallinula galeata,5468,48,US-FL,Palm Beach,L1017638,Peaceful Waters Sanctuary,26.631443,-80.2332294,2025-11-15,09:31 AM,eBird - Traveling Count,191,1,1.742,,2
S207115735,Common Gallinule,Gallinula galeata,5468,4,US-FL,Palm Beach,L143084,Wakodahatchee Wetlands,26.4781984,-80.144738,2024-12-29,03:35 PM,eBird - Traveling Count,120,1,.807,,2,,,,628239911
S318087261,Common Gallinule,Gallinula galeata,5468,4,US-FL,Palm Beach,L143084,Wakodahatchee Wetlands,26.4781984,-80.144738,2026-04-06,05:21 PM,eBird - Traveling Count,100,1,.897,,2
S320230158,Common Gallinule,Gallinula galeata,5468,2,US-FL,Palm Beach,L143084,Wakodahatchee Wetlands,26.4781984,-80.144738,2026-04-11,02:02 PM,eBird - Traveling Count,35,0,.298,,2
S285625770,Common Gallinule,Gallinula galeata,5468,8,US-FL,Palm Beach,L1023544,Wellington Environmental Preserve,26.6293528,-80.3059387,2025-11-22,11:22 AM,eBird - Traveling Count,108,1,1.852,,2
S289320598,Common Gallinule,Gallinula galeata,5468,13,PE-PUN,,L14866984,Lago Titicaca--Yanico,-15.7163426,-70.0248771,2025-12-20,08:01 AM,eBird - Traveling Count,116,1,2.249,,2
S288731385,Common Gallinule,Gallinula galeata,5468,3,PE-LIM,,L24387723,Refugio de Vida Silvestre Los Pantanos de Villa--Entrada,-12.2119372,-76.9902818,2025-12-15,10:47 AM,eBird - Traveling Count,91,1,.354,,3,,,,648547619 648547620
S288731495,Common Gallinule,Gallinula galeata,5468,X,PE-LIM,,L855862,Refugio de Vida Silvestre Los Pantanos de Villa--Laguna Costera y Playa Marvilla,-12.2243504,-76.9878852,2025-12-15,12:31 PM,eBird - Traveling Count,24,1,.47,,3,,,,648425861
S218822165,Eurasian Coot,Fulica atra,5487,X,GB-ENG,London,L41276771,Hyde Park,51.505248,-.160343,2025-03-16,12:27 PM,eBird - Casual Observation,,0,,,1,,,,649415900
S353361204,American Coot,Fulica americana,5500,4,US-AZ,Maricopa,L144858,Riparian Preserve at Gilbert Water Ranch,33.3614502,-111.7339478,2026-06-06,06:52 AM,eBird - Traveling Count,92,1,.812,,2
S208206321,American Coot,Fulica americana,5500,8,US-FL,Palm Beach,L246929,Green Cay Wetlands & Nature Center,26.4861584,-80.1607561,2025-01-05,03:13 PM,eBird - Traveling Count,165,1,1.605,,2,,,,628632524
S212516841,American Coot,Fulica americana,5500,1,US-FL,Palm Beach,L246929,Green Cay Wetlands & Nature Center,26.4861584,-80.1607561,2025-02-08,03:40 PM,eBird - Traveling Count,183,1,1.899,,2
S295249336,American Coot,Fulica americana,5500,6,US-FL,Palm Beach,L246929,Green Cay Wetlands & Nature Center,26.4861584,-80.1607561,2026-01-19,03:40 PM,eBird - Traveling Count,126,1,1.37,,2,,,,649242967
S317316734,American Coot,Fulica americana,5500,2,US-FL,Palm Beach,L246929,Green Cay Wetlands & Nature Center,26.4861584,-80.1607561,2026-04-05,08:53 AM,eBird - Traveling Count,93,1,1.207,,2
S208893235,American Coot,Fulica americana,5500,2,US-FL,Palm Beach,L127408,Loxahatchee NWR,26.4986442,-80.2246141,2025-01-11,12:03 PM,eBird - Traveling Count,194,1,2.489,,2,,,also checked on drive out to Bedner's
S217107385,American Coot,Fulica americana,5500,1,US-FL,Palm Beach,L1017638,Peaceful Waters Sanctuary,26.631443,-80.2332294,2025-03-07,03:36 PM,eBird - Traveling Count,169,1,4.097,,2
S284602086,American Coot,Fulica americana,5500,1,US-FL,Palm Beach,L1017638,Peaceful Waters Sanctuary,26.631443,-80.2332294,2025-11-15,09:31 AM,eBird - Traveling Count,191,1,1.742,,2
S207115735,American Coot,Fulica americana,5500,2,US-FL,Palm Beach,L143084,Wakodahatchee Wetlands,26.4781984,-80.144738,2024-12-29,03:35 PM,eBird - Traveling Count,120,1,.807,,2
S318087261,American Coot,Fulica americana,5500,1,US-FL,Palm Beach,L143084,Wakodahatchee Wetlands,26.4781984,-80.144738,2026-04-06,05:21 PM,eBird - Traveling Count,100,1,.897,,2
S289410575,Slate-colored Coot,Fulica ardesiaca,5506,6,PE-PUN,,L612156,Lago Titicaca--Islas Uros,-15.818522,-69.9690056,2025-12-20,04:35 PM,eBird - Traveling Count,18,1,.078,,1
S289230430,Slate-colored Coot,Fulica ardesiaca,5506,X,PE-PUN,,L56113157,Puno Pier,-15.834966,-70.015507,2025-12-19,04:27 PM,eBird - Casual Observation,,0,,,1,,,,648543508 648543509
S288731385,Slate-colored Coot,Fulica ardesiaca,5506,1,PE-LIM,,L24387723,Refugio de Vida Silvestre Los Pantanos de Villa--Entrada,-12.2119372,-76.9902818,2025-12-15,10:47 AM,eBird - Traveling Count,91,1,.354,,3,,,,648547637
S208206321,Purple Gallinule,Porphyrio martinica,5515,4,US-FL,Palm Beach,L246929,Green Cay Wetlands & Nature Center,26.4861584,-80.1607561,2025-01-05,03:13 PM,eBird - Traveling Count,165,1,1.605,,2,,,,628632258 628632259
S212516841,Purple Gallinule,Porphyrio martinica,5515,1,US-FL,Palm Beach,L246929,Green Cay Wetlands & Nature Center,26.4861584,-80.1607561,2025-02-08,03:40 PM,eBird - Traveling Count,183,1,1.899,,2
S295249336,Purple Gallinule,Porphyrio martinica,5515,2,US-FL,Palm Beach,L246929,Green Cay Wetlands & Nature Center,26.4861584,-80.1607561,2026-01-19,03:40 PM,eBird - Traveling Count,126,1,1.37,,2,,,,649247364
S317316734,Purple Gallinule,Porphyrio martinica,5515,1,US-FL,Palm Beach,L246929,Green Cay Wetlands & Nature Center,26.4861584,-80.1607561,2026-04-05,08:53 AM,eBird - Traveling Count,93,1,1.207,,2
S208893235,Purple Gallinule,Porphyrio martinica,5515,2,US-FL,Palm Beach,L127408,Loxahatchee NWR,26.4986442,-80.2246141,2025-01-11,12:03 PM,eBird - Traveling Count,194,1,2.489,,2,,,also checked on drive out to Bedner's,628981044 628981045 628981046 628981052 628981225
S209090098,Purple Gallinule,Porphyrio martinica,5515,X,US-FL,Palm Beach,L127408,Loxahatchee NWR,26.4986442,-80.2246141,2025-01-12,03:39 PM,eBird - Traveling Count,143,1,2.229,,2,,,,629010275
S224704037,Purple Gallinule,Porphyrio martinica,5515,1,US-FL,Palm Beach,L127408,Loxahatchee NWR,26.4986442,-80.2246141,2025-04-11,05:07 PM,eBird - Traveling Count,168,1,6.697,,2
S210840161,Purple Gallinule,Porphyrio martinica,5515,2,US-FL,Palm Beach,L635288,Loxahatchee NWR--Marsh Trail,26.4928139,-80.2168894,2025-01-26,03:08 PM,eBird - Traveling Count,184,1,2.069,,2,,,,629738767
S215126133,Purple Gallinule,Porphyrio martinica,5515,1,US-FL,Palm Beach,L635288,Loxahatchee NWR--Marsh Trail,26.4928139,-80.2168894,2025-02-23,02:55 PM,eBird - Traveling Count,193,1,6.954,,2
S303034767,Purple Gallinule,Porphyrio martinica,5515,1,US-FL,Palm Beach,L635288,Loxahatchee NWR--Marsh Trail,26.4928139,-80.2168894,2026-02-22,07:53 AM,eBird - Traveling Count,177,1,2.553,,2,,,,651483854
S217107385,Purple Gallinule,Porphyrio martinica,5515,1,US-FL,Palm Beach,L1017638,Peaceful Waters Sanctuary,26.631443,-80.2332294,2025-03-07,03:36 PM,eBird - Traveling Count,169,1,4.097,,2
S285599889,Purple Gallinule,Porphyrio martinica,5515,2,US-FL,Palm Beach,L1027913,Stormwater Treatment Area 1E - Public Use Area,26.6836236,-80.3512144,2025-11-22,10:33 AM,eBird - Traveling Count,22,1,.385,,2
S318087261,Purple Gallinule,Porphyrio martinica,5515,1,US-FL,Palm Beach,L143084,Wakodahatchee Wetlands,26.4781984,-80.144738,2026-04-06,05:21 PM,eBird - Traveling Count,100,1,.897,,2
S208206321,Gray-headed Swamphen,Porphyrio poliocephalus,5533,3,US-FL,Palm Beach,L246929,Green Cay Wetlands & Nature Center,26.4861584,-80.1607561,2025-01-05,03:13 PM,eBird - Traveling Count,165,1,1.605,,2,,,,628632414
S317316734,Gray-headed Swamphen,Porphyrio poliocephalus,5533,1,US-FL,Palm Beach,L246929,Green Cay Wetlands & Nature Center,26.4861584,-80.1607561,2026-04-05,08:53 AM,eBird - Traveling Count,93,1,1.207,,2
S217107385,Gray-headed Swamphen,Porphyrio poliocephalus,5533,1,US-FL,Palm Beach,L1017638,Peaceful Waters Sanctuary,26.631443,-80.2332294,2025-03-07,03:36 PM,eBird - Traveling Count,169,1,4.097,,2
S284602086,Gray-headed Swamphen,Porphyrio poliocephalus,5533,4,US-FL,Palm Beach,L1017638,Peaceful Waters Sanctuary,26.631443,-80.2332294,2025-11-15,09:31 AM,eBird - Traveling Count,191,1,1.742,,2
S207115735,Gray-headed Swamphen,Porphyrio poliocephalus,5533,2,US-FL,Palm Beach,L143084,Wakodahatchee Wetlands,26.4781984,-80.144738,2024-12-29,03:35 PM,eBird - Traveling Count,120,1,.807,,2
S246151798,Gray-headed Swamphen,Porphyrio poliocephalus,5533,2,US-FL,Palm Beach,L1023544,Wellington Environmental Preserve,26.6293528,-80.3059387,2025-04-26,05:53 PM,eBird - Traveling Count,26,1,2.456,,2
S285625770,Gray-headed Swamphen,Porphyrio poliocephalus,5533,3,US-FL,Palm Beach,L1023544,Wellington Environmental Preserve,26.6293528,-80.3059387,2025-11-22,11:22 AM,eBird - Traveling Count,108,1,1.852,,2
S212516841,Limpkin,Aramus guarauna,5671,1,US-FL,Palm Beach,L246929,Green Cay Wetlands & Nature Center,26.4861584,-80.1607561,2025-02-08,03:40 PM,eBird - Traveling Count,183,1,1.899,,2
S208517533,Limpkin,Aramus guarauna,5671,1,US-FL,Palm Beach,L36267176,Lotus Palm,26.375345,-80.174207,2025-01-08,09:53 AM,eBird - Casual Observation,,0,,,1
S212170885,Limpkin,Aramus guarauna,5671,1,US-FL,Palm Beach,L36267176,Lotus Palm,26.375345,-80.174207,2025-02-06,08:38 AM,eBird - Casual Observation,,0,,,1
S296308258,Limpkin,Aramus guarauna,5671,2,US-FL,Palm Beach,L36267176,Lotus Palm,26.375345,-80.174207,2026-01-25,05:47 PM,eBird - Stationary Count,5,1,,,1
S302403212,Limpkin,Aramus guarauna,5671,1,US-FL,Palm Beach,L36267176,Lotus Palm,26.375345,-80.174207,2026-02-20,08:37 AM,eBird - Stationary Count,50,1,,,2
S302683075,Limpkin,Aramus guarauna,5671,2,US-FL,Palm Beach,L36267176,Lotus Palm,26.375345,-80.174207,2026-02-21,09:12 AM,eBird - Stationary Count,7,1,,,2,,,,651484962
S304220603,Limpkin,Aramus guarauna,5671,1,US-FL,Palm Beach,L36267176,Lotus Palm,26.375345,-80.174207,2026-02-27,08:04 AM,eBird - Stationary Count,5,1,,,1
S278064862,Limpkin,Aramus guarauna,5671,1,US-FL,Palm Beach,L635288,Loxahatchee NWR--Marsh Trail,26.4928139,-80.2168894,2025-10-08,05:10 PM,eBird - Traveling Count,115,1,1.389,,2
S303034767,Limpkin,Aramus guarauna,5671,1,US-FL,Palm Beach,L635288,Loxahatchee NWR--Marsh Trail,26.4928139,-80.2168894,2026-02-22,07:53 AM,eBird - Traveling Count,177,1,2.553,,2
S217107385,Limpkin,Aramus guarauna,5671,1,US-FL,Palm Beach,L1017638,Peaceful Waters Sanctuary,26.631443,-80.2332294,2025-03-07,03:36 PM,eBird - Traveling Count,169,1,4.097,,2
S284602086,Limpkin,Aramus guarauna,5671,5,US-FL,Palm Beach,L1017638,Peaceful Waters Sanctuary,26.631443,-80.2332294,2025-11-15,09:31 AM,eBird - Traveling Count,191,1,1.742,,2,,,,649332676
S224704037,Sandhill Crane,Antigone canadensis,5697,1,US-FL,Palm Beach,L127408,Loxahatchee NWR,26.4986442,-80.2246141,2025-04-11,05:07 PM,eBird - Traveling Count,168,1,6.697,,2
S215126133,Sandhill Crane,Antigone canadensis,5697,2,US-FL,Palm Beach,L635288,Loxahatchee NWR--Marsh Trail,26.4928139,-80.2168894,2025-02-23,02:55 PM,eBird - Traveling Count,193,1,6.954,,2,,,,649332734
S303034767,Sandhill Crane,Antigone canadensis,5697,1,US-FL,Palm Beach,L635288,Loxahatchee NWR--Marsh Trail,26.4928139,-80.2168894,2026-02-22,07:53 AM,eBird - Traveling Count,177,1,2.553,,2,,,,651483786
S250400839,Sandhill Crane,Antigone canadensis,5697,2,US-FL,Palm Beach,L2685255,Pine Glades Natural Area,26.9416978,-80.257144,2025-06-14,06:01 PM,eBird - Traveling Count,137,1,4.754,,2
S353361204,Black-necked Stilt,Himantopus mexicanus,5770,3,US-AZ,Maricopa,L144858,Riparian Preserve at Gilbert Water Ranch,33.3614502,-111.7339478,2026-06-06,06:52 AM,eBird - Traveling Count,92,1,.812,,2
S229761681,Black-necked Stilt,Himantopus mexicanus,5770,2,US-FL,Palm Beach,L22198774,Atlantic Sugar Mill,26.629057,-80.46935,2025-04-26,03:41 PM,eBird - Traveling Count,101,1,9.341,,1,,,,649389703
S385853974,Black-necked Stilt,Himantopus mexicanus,5770,200,US-FL,Palm Beach,L364884,Duda Farms - PRIVATE PROPERTY (Access via AE Trips Only),26.6485226,-80.6388446,2026-08-22,06:59 AM,eBird - Traveling Count,393,0,26.807,,2,,,,663527051
S379122707,Black-necked Stilt,Himantopus mexicanus,5770,125,US-FL,Palm Beach,L4795535,Gladeview Rd.,26.6661316,-80.492734,2026-08-02,07:45 AM,eBird - Traveling Count,44,1,1.012,,2,,,,662350840 662350841
S353361204,American Avocet,Recurvirostra americana,5780,7,US-AZ,Maricopa,L144858,Riparian Preserve at Gilbert Water Ranch,33.3614502,-111.7339478,2026-06-06,06:52 AM,eBird - Traveling Count,92,1,.812,,2
S385853974,American Avocet,Recurvirostra americana,5780,3,US-FL,Palm Beach,L364884,Duda Farms - PRIVATE PROPERTY (Access via AE Trips Only),26.6485226,-80.6388446,2026-08-22,06:59 AM,eBird - Traveling Count,393,0,26.807,,2,,,,663527204 663527205 663527206 663527207 663527208
S309363566,Eurasian Oystercatcher (Western),Haematopus ostralegus ostralegus/longipes,5787,1,GB-NIR,Antrim,L1123515,Giant's Causeway,55.2409208,-6.5116096,2026-03-15,10:42 AM,eBird - Traveling Count,37,0,1.083,,1,,,,653992885
S288707529,American Oystercatcher,Haematopus palliatus,5799,1,PE-LIM,,L2565173,Isla Pucusana,-12.475892,-76.8004203,2025-12-15,08:11 AM,eBird - Traveling Count,73,1,3.145,,4,,,,648481497
S288731495,American Oystercatcher,Haematopus palliatus,5799,X,PE-LIM,,L855862,Refugio de Vida Silvestre Los Pantanos de Villa--Laguna Costera y Playa Marvilla,-12.2243504,-76.9878852,2025-12-15,12:31 PM,eBird - Traveling Count,24,1,.47,,3,,,,648425859 648425993
S288707529,Blackish Oystercatcher,Haematopus ater,5804,4,PE-LIM,,L2565173,Isla Pucusana,-12.475892,-76.8004203,2025-12-15,08:11 AM,eBird - Traveling Count,73,1,3.145,,4,,,,648481496
S229761681,Black-bellied Plover,Pluvialis squatarola,5811,2,US-FL,Palm Beach,L22198774,Atlantic Sugar Mill,26.629057,-80.46935,2025-04-26,03:41 PM,eBird - Traveling Count,101,1,9.341,,1
S287036530,Black-bellied Plover,Pluvialis squatarola,5811,2,US-FL,Palm Beach,L870652,Boynton Beach Inlet Park,26.5446541,-80.0426102,2025-12-02,07:13 AM,eBird - Traveling Count,57,1,.607,,2,,,,646269798 646269799
S229761681,Killdeer,Charadrius vociferus,5827,1,US-FL,Palm Beach,L22198774,Atlantic Sugar Mill,26.629057,-80.46935,2025-04-26,03:41 PM,eBird - Traveling Count,101,1,9.341,,1,,,,649391545
S385853974,Killdeer,Charadrius vociferus,5827,1,US-FL,Palm Beach,L364884,Duda Farms - PRIVATE PROPERTY (Access via AE Trips Only),26.6485226,-80.6388446,2026-08-22,06:59 AM,eBird - Traveling Count,393,0,26.807,,2,,,,663527264 663527265
S379122707,Killdeer,Charadrius vociferus,5827,15,US-FL,Palm Beach,L4795535,Gladeview Rd.,26.6661316,-80.492734,2026-08-02,07:45 AM,eBird - Traveling Count,44,1,1.012,,2,,,,662350913
S203538353,Killdeer,Charadrius vociferus,5827,X,US-FL,Palm Beach,L38238496,Lion Country Safari,26.717566,-80.341681,2024-11-24,02:03 PM,eBird - Casual Observation,,0,,,1,,,,628981971 628981972 628981973 628981974
S209090098,Killdeer,Charadrius vociferus,5827,2,US-FL,Palm Beach,L127408,Loxahatchee NWR,26.4986442,-80.2246141,2025-01-12,03:39 PM,eBird - Traveling Count,143,1,2.229,,2,,,,629009220 629009221 629009222
S303034767,Killdeer,Charadrius vociferus,5827,2,US-FL,Palm Beach,L635288,Loxahatchee NWR--Marsh Trail,26.4928139,-80.2168894,2026-02-22,07:53 AM,eBird - Traveling Count,177,1,2.553,,2,,,,651484071 651507300 651507301 651507302 651507303
S289320598,Andean Lapwing,Vanellus resplendens,5902,5,PE-PUN,,L14866984,Lago Titicaca--Yanico,-15.7163426,-70.0248771,2025-12-20,08:01 AM,eBird - Traveling Count,116,1,2.249,,2,,,,648482884 648543067 648543068
S385853974,Short-billed Dowitcher,Limnodromus griseus,6057,X,US-FL,Palm Beach,L364884,Duda Farms - PRIVATE PROPERTY (Access via AE Trips Only),26.6485226,-80.6388446,2026-08-22,06:59 AM,eBird - Traveling Count,393,0,26.807,,2,,,,663528322
S385853974,Long-billed Dowitcher,Limnodromus scolopaceus,6061,1,US-FL,Palm Beach,L364884,Duda Farms - PRIVATE PROPERTY (Access via AE Trips Only),26.6485226,-80.6388446,2026-08-22,06:59 AM,eBird - Traveling Count,393,0,26.807,,2,,,,663531466
S217107385,Long-billed Dowitcher,Limnodromus scolopaceus,6061,1,US-FL,Palm Beach,L1017638,Peaceful Waters Sanctuary,26.631443,-80.2332294,2025-03-07,03:36 PM,eBird - Traveling Count,169,1,4.097,,2,,,,649391635
S295249336,Wilson's Snipe,Gallinago delicata,6104,5,US-FL,Palm Beach,L246929,Green Cay Wetlands & Nature Center,26.4861584,-80.1607561,2026-01-19,03:40 PM,eBird - Traveling Count,126,1,1.37,,2,,,,649247059
S303034767,Wilson's Snipe,Gallinago delicata,6104,1,US-FL,Palm Beach,L635288,Loxahatchee NWR--Marsh Trail,26.4928139,-80.2168894,2026-02-22,07:53 AM,eBird - Traveling Count,177,1,2.553,,2,,,,651506781
S217107385,Wilson's Snipe,Gallinago delicata,6104,2,US-FL,Palm Beach,L1017638,Peaceful Waters Sanctuary,26.631443,-80.2332294,2025-03-07,03:36 PM,eBird - Traveling Count,169,1,4.097,,2
S385853974,Wilson's Phalarope,Phalaropus tricolor,6119,40,US-FL,Palm Beach,L364884,Duda Farms - PRIVATE PROPERTY (Access via AE Trips Only),26.6485226,-80.6388446,2026-08-22,06:59 AM,eBird - Traveling Count,393,0,26.807,,2,,Distinctive spinning behavior when foraging,,663525965 663533634
S288731385,Spotted Sandpiper,Actitis macularius,6126,1,PE-LIM,,L24387723,Refugio de Vida Silvestre Los Pantanos de Villa--Entrada,-12.2119372,-76.9902818,2025-12-15,10:47 AM,eBird - Traveling Count,91,1,.354,,3
S288731495,Spotted Sandpiper,Actitis macularius,6126,1,PE-LIM,,L855862,Refugio de Vida Silvestre Los Pantanos de Villa--Laguna Costera y Playa Marvilla,-12.2243504,-76.9878852,2025-12-15,12:31 PM,eBird - Traveling Count,24,1,.47,,3,,,,648425526
S229761681,Solitary Sandpiper,Tringa solitaria,6129,1,US-FL,Palm Beach,L22198774,Atlantic Sugar Mill,26.629057,-80.46935,2025-04-26,03:41 PM,eBird - Traveling Count,101,1,9.341,,1,,,,649391588
S278064862,Solitary Sandpiper,Tringa solitaria,6129,1,US-FL,Palm Beach,L635288,Loxahatchee NWR--Marsh Trail,26.4928139,-80.2168894,2025-10-08,05:10 PM,eBird - Traveling Count,115,1,1.389,,2
S284602086,Solitary Sandpiper,Tringa solitaria,6129,1,US-FL,Palm Beach,L1017638,Peaceful Waters Sanctuary,26.631443,-80.2332294,2025-11-15,09:31 AM,eBird - Traveling Count,191,1,1.742,,2,,,,645279566
S310325579,Common Redshank,Tringa totanus,6138,1,IE-M,Kerry,L1274158,Slea Head (Ceann Sléibhe),52.0982394,-10.4552024,2026-03-18,01:16 PM,eBird - Traveling Count,154,0,9.252,,2,,,,653993414
S229761681,Lesser Yellowlegs,Tringa flavipes,6145,4,US-FL,Palm Beach,L22198774,Atlantic Sugar Mill,26.629057,-80.46935,2025-04-26,03:41 PM,eBird - Traveling Count,101,1,9.341,,1,,,,649391567
S385853974,Lesser Yellowlegs,Tringa flavipes,6145,1,US-FL,Palm Beach,L364884,Duda Farms - PRIVATE PROPERTY (Access via AE Trips Only),26.6485226,-80.6388446,2026-08-22,06:59 AM,eBird - Traveling Count,393,0,26.807,,2,,,,663531628
S379122707,Lesser Yellowlegs,Tringa flavipes,6145,1,US-FL,Palm Beach,L4795535,Gladeview Rd.,26.6661316,-80.492734,2026-08-02,07:45 AM,eBird - Traveling Count,44,1,1.012,,2,,,,663116778 663116779 663116780 663116781 663116782
S288731495,Lesser Yellowlegs,Tringa flavipes,6145,1,PE-LIM,,L855862,Refugio de Vida Silvestre Los Pantanos de Villa--Laguna Costera y Playa Marvilla,-12.2243504,-76.9878852,2025-12-15,12:31 PM,eBird - Traveling Count,24,1,.47,,3,,,,648425620
S210046672,Willet,Tringa semipalmata,6147,1,US-FL,Collier,L760418,Naples Pier,26.1316826,-81.8064576,2025-01-20,10:44 AM,eBird - Traveling Count,17,1,.219,,2,,,,629421299
S310325579,Common Greenshank,Tringa nebularia,6152,1,IE-M,Kerry,L1274158,Slea Head (Ceann Sléibhe),52.0982394,-10.4552024,2026-03-18,01:16 PM,eBird - Traveling Count,154,0,9.252,,2,,,,653993115
S385853974,Greater Yellowlegs,Tringa melanoleuca,6154,1,US-FL,Palm Beach,L364884,Duda Farms - PRIVATE PROPERTY (Access via AE Trips Only),26.6485226,-80.6388446,2026-08-22,06:59 AM,eBird - Traveling Count,393,0,26.807,,2,,,,663528195
S379122707,Greater Yellowlegs,Tringa melanoleuca,6154,1,US-FL,Palm Beach,L4795535,Gladeview Rd.,26.6661316,-80.492734,2026-08-02,07:45 AM,eBird - Traveling Count,44,1,1.012,,2
S217107385,Greater Yellowlegs,Tringa melanoleuca,6154,2,US-FL,Palm Beach,L1017638,Peaceful Waters Sanctuary,26.631443,-80.2332294,2025-03-07,03:36 PM,eBird - Traveling Count,169,1,4.097,,2,,,,649415279
S289320598,Greater Yellowlegs,Tringa melanoleuca,6154,2,PE-PUN,,L14866984,Lago Titicaca--Yanico,-15.7163426,-70.0248771,2025-12-20,08:01 AM,eBird - Traveling Count,116,1,2.249,,2,,,,648483235 648483236
S288731495,Greater Yellowlegs,Tringa melanoleuca,6154,2,PE-LIM,,L855862,Refugio de Vida Silvestre Los Pantanos de Villa--Laguna Costera y Playa Marvilla,-12.2243504,-76.9878852,2025-12-15,12:31 PM,eBird - Traveling Count,24,1,.47,,3,,,,648425243
S210046672,Ruddy Turnstone,Arenaria interpres,6161,4,US-FL,Collier,L760418,Naples Pier,26.1316826,-81.8064576,2025-01-20,10:44 AM,eBird - Traveling Count,17,1,.219,,2,,,,629420066 629420067
S287036530,Ruddy Turnstone,Arenaria interpres,6161,9,US-FL,Palm Beach,L870652,Boynton Beach Inlet Park,26.5446541,-80.0426102,2025-12-02,07:13 AM,eBird - Traveling Count,57,1,.607,,2,,,,649332780
S296202238,Ruddy Turnstone,Arenaria interpres,6161,20,US-FL,Palm Beach,L870652,Boynton Beach Inlet Park,26.5446541,-80.0426102,2026-01-25,09:36 AM,eBird - Traveling Count,37,1,.596,,2,,,,649602562
S385853974,Ruddy Turnstone,Arenaria interpres,6161,1,US-FL,Palm Beach,L364884,Duda Farms - PRIVATE PROPERTY (Access via AE Trips Only),26.6485226,-80.6388446,2026-08-22,06:59 AM,eBird - Traveling Count,393,0,26.807,,2,,,,663527416 663527417
S288707529,Ruddy Turnstone,Arenaria interpres,6161,X,PE-LIM,,L2565173,Isla Pucusana,-12.475892,-76.8004203,2025-12-15,08:11 AM,eBird - Traveling Count,73,1,3.145,,4,,,,648481515
S288707529,Surfbird,Calidris virgata,6174,4,PE-LIM,,L2565173,Isla Pucusana,-12.475892,-76.8004203,2025-12-15,08:11 AM,eBird - Traveling Count,73,1,3.145,,4,,,,648549034 648549035 648549036
S385853974,Ruff,Calidris pugnax,6177,1,US-FL,Palm Beach,L364884,Duda Farms - PRIVATE PROPERTY (Access via AE Trips Only),26.6485226,-80.6388446,2026-08-22,06:59 AM,eBird - Traveling Count,393,0,26.807,,2,,"A rare but more or less annual vagrant to PBC. Two distinct individuals at separate parts of the property. One very likely the bird we found last weekend. One adult male still retaining some black plumage in its breast, the other the female type similar to last week, brighter white overall with much brighter orange legs. Photos.",,663527470 663527471 663527472 663527473 663533203
S385853974,Stilt Sandpiper,Calidris himantopus,6183,1,US-FL,Palm Beach,L364884,Duda Farms - PRIVATE PROPERTY (Access via AE Trips Only),26.6485226,-80.6388446,2026-08-22,06:59 AM,eBird - Traveling Count,393,0,26.807,,2,,,,663524034
S288731495,Stilt Sandpiper,Calidris himantopus,6183,X,PE-LIM,,L855862,Refugio de Vida Silvestre Los Pantanos de Villa--Laguna Costera y Playa Marvilla,-12.2243504,-76.9878852,2025-12-15,12:31 PM,eBird - Traveling Count,24,1,.47,,3,,,,648425292
S296202238,Sanderling,Calidris alba,6189,20,US-FL,Palm Beach,L870652,Boynton Beach Inlet Park,26.5446541,-80.0426102,2026-01-25,09:36 AM,eBird - Traveling Count,37,1,.596,,2,,,,649602550
S210783263,Sanderling,Calidris alba,6189,10,US-FL,Palm Beach,L127416,Spanish River Park,26.3829,-80.0692,2025-01-26,10:30 AM,eBird - Traveling Count,152,1,2.072,,2,,,,649391342
S385853974,Least Sandpiper,Calidris minutilla,6226,100,US-FL,Palm Beach,L364884,Duda Farms - PRIVATE PROPERTY (Access via AE Trips Only),26.6485226,-80.6388446,2026-08-22,06:59 AM,eBird - Traveling Count,393,0,26.807,,2,,,,663524201 663524573
S379122707,Least Sandpiper,Calidris minutilla,6226,1,US-FL,Palm Beach,L4795535,Gladeview Rd.,26.6661316,-80.492734,2026-08-02,07:45 AM,eBird - Traveling Count,44,1,1.012,,2,,,,663116811 663116813 663116814
S385853974,Pectoral Sandpiper,Calidris melanotos,6227,0,US-FL,Palm Beach,L364884,Duda Farms - PRIVATE PROPERTY (Access via AE Trips Only),26.6485226,-80.6388446,2026-08-22,06:59 AM,eBird - Traveling Count,393,0,26.807,,2
S379122707,Pectoral Sandpiper,Calidris melanotos,6227,1,US-FL,Palm Beach,L4795535,Gladeview Rd.,26.6661316,-80.492734,2026-08-02,07:45 AM,eBird - Traveling Count,44,1,1.012,,2,,,,663116837
S379122707,Semipalmated Sandpiper,Calidris pusilla,6232,1,US-FL,Palm Beach,L4795535,Gladeview Rd.,26.6661316,-80.492734,2026-08-02,07:45 AM,eBird - Traveling Count,44,1,1.012,,2,,,,663116812 663116815
S309084194,Black Guillemot,Cepphus grylle,6396,X,GB-NIR,Belfast,L60208887,Titanic,54.608212,-5.909529,2026-03-14,03:29 PM,eBird - Casual Observation,,0,,,1,,,,654182711
S312673001,Black Guillemot,Cepphus grylle,6396,2,IE-M,Kerry,L1274158,Slea Head (Ceann Sléibhe),52.0982394,-10.4552024,2026-03-17,01:00 PM,eBird - Traveling Count,300,0,48.28,,2,,,,653860121
S210783263,Bonaparte's Gull,Chroicocephalus philadelphia,6462,4,US-FL,Palm Beach,L127416,Spanish River Park,26.3829,-80.0692,2025-01-26,10:30 AM,eBird - Traveling Count,152,1,2.072,,2,,,,649391322
S290741191,Andean Gull,Chroicocephalus serranus,6470,1,PE-CUS,,L1811275,Inkaterra Machu Picchu Pueblo Hotel,-13.1576666,-72.5224949,2025-12-28,06:28 AM,eBird - Traveling Count,106,1,.425,,7
S289410575,Andean Gull,Chroicocephalus serranus,6470,1,PE-PUN,,L612156,Lago Titicaca--Islas Uros,-15.818522,-69.9690056,2025-12-20,04:35 PM,eBird - Traveling Count,18,1,.078,,1
S289320598,Andean Gull,Chroicocephalus serranus,6470,3,PE-PUN,,L14866984,Lago Titicaca--Yanico,-15.7163426,-70.0248771,2025-12-20,08:01 AM,eBird - Traveling Count,116,1,2.249,,2,,,,648542794
S288731495,Andean Gull,Chroicocephalus serranus,6470,X,PE-LIM,,L855862,Refugio de Vida Silvestre Los Pantanos de Villa--Laguna Costera y Playa Marvilla,-12.2243504,-76.9878852,2025-12-15,12:31 PM,eBird - Traveling Count,24,1,.47,,3,,,,648425829 648425839
S309084194,Black-headed Gull,Chroicocephalus ridibundus,6474,2,GB-NIR,Belfast,L60208887,Titanic,54.608212,-5.909529,2026-03-14,03:29 PM,eBird - Casual Observation,,0,,,1,,,,654182451 654182452 654182453
S218974059,Black-headed Gull,Chroicocephalus ridibundus,6474,X,GB-ENG,London,L41277754,Hyde Park,51.505873,-.166867,2025-03-16,12:28 PM,eBird - Casual Observation,,0,,,1,,,,649415977
S210046672,Laughing Gull,Leucophaeus atricilla,6490,20,US-FL,Collier,L760418,Naples Pier,26.1316826,-81.8064576,2025-01-20,10:44 AM,eBird - Traveling Count,17,1,.219,,2,,,,629421153
S287036530,Laughing Gull,Leucophaeus atricilla,6490,X,US-FL,Palm Beach,L870652,Boynton Beach Inlet Park,26.5446541,-80.0426102,2025-12-02,07:13 AM,eBird - Traveling Count,57,1,.607,,2
S385853974,Laughing Gull,Leucophaeus atricilla,6490,1,US-FL,Palm Beach,L364884,Duda Farms - PRIVATE PROPERTY (Access via AE Trips Only),26.6485226,-80.6388446,2026-08-22,06:59 AM,eBird - Traveling Count,393,0,26.807,,2,,,,663524342
S296186763,Laughing Gull,Leucophaeus atricilla,6490,10,US-FL,Palm Beach,L6666238,Gulfstream Park,26.504624,-80.0528347,2026-01-25,08:21 AM,eBird - Traveling Count,58,1,.51,,2,,,,649603422
S210783263,Laughing Gull,Leucophaeus atricilla,6490,5,US-FL,Palm Beach,L127416,Spanish River Park,26.3829,-80.0692,2025-01-26,10:30 AM,eBird - Traveling Count,152,1,2.072,,2,,,,649389661
S301164021,Laughing Gull,Leucophaeus atricilla,6490,8,US-FL,Palm Beach,L127416,Spanish River Park,26.3829,-80.0692,2026-02-15,04:35 PM,eBird - Traveling Count,93,1,1.548,,2,,,,651006733
S288705623,Belcher's Gull,Larus belcheri,6509,1,PE-LIM,,L2565173,Isla Pucusana,-12.475892,-76.8004203,2025-12-15,08:11 AM,eBird - Traveling Count,80,1,2.708,,2
S288707529,Belcher's Gull,Larus belcheri,6509,X,PE-LIM,,L2565173,Isla Pucusana,-12.475892,-76.8004203,2025-12-15,08:11 AM,eBird - Traveling Count,73,1,3.145,,4,,,,647123166
S218810992,Common Gull,Larus canus,6513,X,GB-ENG,London,L41274852,Green Park,51.503053,-.145426,2025-03-16,11:36 AM,eBird - Casual Observation,,0,,,1,,,,649415581
S287036530,Ring-billed Gull,Larus delawarensis,6521,X,US-FL,Palm Beach,L870652,Boynton Beach Inlet Park,26.5446541,-80.0426102,2025-12-02,07:13 AM,eBird - Traveling Count,57,1,.607,,2,,,,646269955
S296186763,Ring-billed Gull,Larus delawarensis,6521,5,US-FL,Palm Beach,L6666238,Gulfstream Park,26.504624,-80.0528347,2026-01-25,08:21 AM,eBird - Traveling Count,58,1,.51,,2,,,,649603356
S210783263,Ring-billed Gull,Larus delawarensis,6521,5,US-FL,Palm Beach,L127416,Spanish River Park,26.3829,-80.0692,2025-01-26,10:30 AM,eBird - Traveling Count,152,1,2.072,,2
S301164021,Ring-billed Gull,Larus delawarensis,6521,2,US-FL,Palm Beach,L127416,Spanish River Park,26.3829,-80.0692,2026-02-15,04:35 PM,eBird - Traveling Count,93,1,1.548,,2,,,,651006472 651006506
S293491692,Ring-billed Gull,Larus delawarensis,6521,1,US-FL,Palm Beach,L10672121,Winn-Dixie Plaza,26.673724,-80.671824,2026-01-10,11:50 AM,eBird - Traveling Count,27,1,.715,,2,,,,648697728
S218973920,Caspian Gull,Larus cachinnans,6532,X,GB-ENG,London,L41307961,Green Park,51.505001,-.146933,2025-03-16,11:29 AM,eBird - Casual Observation,,0,,,1,,,,649415627
S288707529,Kelp Gull,Larus dominicanus,6533,X,PE-LIM,,L2565173,Isla Pucusana,-12.475892,-76.8004203,2025-12-15,08:11 AM,eBird - Traveling Count,73,1,3.145,,4,,,,648481854
S210046672,American Herring Gull,Larus smithsonianus,6539,20,US-FL,Collier,L760418,Naples Pier,26.1316826,-81.8064576,2025-01-20,10:44 AM,eBird - Traveling Count,17,1,.219,,2,,,,629421419
S309363566,European Herring Gull,Larus argentatus,6545,10,GB-NIR,Antrim,L1123515,Giant's Causeway,55.2409208,-6.5116096,2026-03-15,10:42 AM,eBird - Traveling Count,37,0,1.083,,1,,,,653992768
S308702120,European Herring Gull,Larus argentatus,6545,X,GB-NIR,Belfast,L60129682,Belfast,54.598731,-5.924185,2026-03-13,,eBird - Casual Observation,,0,,,1,,,,653993586
S309200439,European Herring Gull,Larus argentatus,6545,X,GB-NIR,Belfast,L60235032,Salmon Of Knowledge,54.601564,-5.921832,2026-03-14,08:28 PM,eBird - Casual Observation,,0,,,1
S311788197,European Herring Gull,Larus argentatus,6545,30,IE-L,Dublin,L1000689,St. Stephen's Green,53.3378434,-6.2589455,2026-03-22,09:34 AM,eBird - Traveling Count,11,0,.191,,2,,,,654181731
S310325579,European Herring Gull,Larus argentatus,6545,20,IE-M,Kerry,L1274158,Slea Head (Ceann Sléibhe),52.0982394,-10.4552024,2026-03-18,01:16 PM,eBird - Traveling Count,154,0,9.252,,2,,,,653993372
S255852631,Yellow-legged Gull,Larus michahellis,6552,20,GR-L,Mykonos,L48858607,Mykonos Town,37.445366,25.327263,2025-07-01,,eBird - Casual Observation,,0,,,1,,,,638328668
S257115484,Yellow-legged Gull,Larus michahellis,6552,5,GR-L,Mykonos,L36630684,Παραλία Μερχιάς (Merchias beach),37.47112,25.42858,2025-07-05,04:27 PM,eBird - Stationary Count,12,1,,,2
S219789413,Lesser Black-backed Gull,Larus fuscus,6576,X,GB-ENG,London,L41467379,Millennium Bridge,51.509959,-.09845,2025-03-21,04:05 PM,eBird - Casual Observation,,0,,,1
S296186763,Lesser Black-backed Gull,Larus fuscus,6576,5,US-FL,Palm Beach,L6666238,Gulfstream Park,26.504624,-80.0528347,2026-01-25,08:21 AM,eBird - Traveling Count,58,1,.51,,2,,,,649602970 649603357
S210783263,Lesser Black-backed Gull,Larus fuscus,6576,5,US-FL,Palm Beach,L127416,Spanish River Park,26.3829,-80.0692,2025-01-26,10:30 AM,eBird - Traveling Count,152,1,2.072,,2,,,,649413917
S385853974,Black Skimmer,Rynchops niger,6622,50,US-FL,Palm Beach,L364884,Duda Farms - PRIVATE PROPERTY (Access via AE Trips Only),26.6485226,-80.6388446,2026-08-22,06:59 AM,eBird - Traveling Count,393,0,26.807,,2,,,,663527513 663527514 663527515
S210783263,Black Skimmer,Rynchops niger,6622,1,US-FL,Palm Beach,L127416,Spanish River Park,26.3829,-80.0692,2025-01-26,10:30 AM,eBird - Traveling Count,152,1,2.072,,2,,,,629739440 629739464
S288731495,Black Skimmer,Rynchops niger,6622,X,PE-LIM,,L855862,Refugio de Vida Silvestre Los Pantanos de Villa--Laguna Costera y Playa Marvilla,-12.2243504,-76.9878852,2025-12-15,12:31 PM,eBird - Traveling Count,24,1,.47,,3,,,,648425975
S272229417,Sooty Tern,Onychoprion fuscatus,6665,3,US-FL,Palm Beach,L52591272,Palm Beach Pelagics 9/7/25,26.462213,-79.845355,2025-09-07,07:05 AM,eBird - Traveling Count,255,1,46.333,,5,,Tropical terns with limited white on the forehead. Including one all black hatch year bird.,,649391259 649391260
S272229417,Bridled Tern,Onychoprion anaethetus,6673,4,US-FL,Palm Beach,L52591272,Palm Beach Pelagics 9/7/25,26.462213,-79.845355,2025-09-07,07:05 AM,eBird - Traveling Count,255,1,46.333,,5,,Tropical terns with more extensive white on the forehead. Including one hatch year bird.,,649391099
S379122707,Least Tern,Sternula antillarum,6699,1,US-FL,Palm Beach,L4795535,Gladeview Rd.,26.6661316,-80.492734,2026-08-02,07:45 AM,eBird - Traveling Count,44,1,1.012,,2,,,,662350925 662350926 662350927
S229761681,Gull-billed Tern,Gelochelidon nilotica,6710,5,US-FL,Palm Beach,L22198774,Atlantic Sugar Mill,26.629057,-80.46935,2025-04-26,03:41 PM,eBird - Traveling Count,101,1,9.341,,1,,,,649391521
S385853974,Gull-billed Tern,Gelochelidon nilotica,6710,3,US-FL,Palm Beach,L364884,Duda Farms - PRIVATE PROPERTY (Access via AE Trips Only),26.6485226,-80.6388446,2026-08-22,06:59 AM,eBird - Traveling Count,393,0,26.807,,2,,,,663525953
S385853974,Caspian Tern,Hydroprogne caspia,6718,4,US-FL,Palm Beach,L364884,Duda Farms - PRIVATE PROPERTY (Access via AE Trips Only),26.6485226,-80.6388446,2026-08-22,06:59 AM,eBird - Traveling Count,393,0,26.807,,2,,,,663526291 663526292
S288707529,Inca Tern,Larosterna inca,6719,X,PE-LIM,,L2565173,Isla Pucusana,-12.475892,-76.8004203,2025-12-15,08:11 AM,eBird - Traveling Count,73,1,3.145,,4,,,,647123156
S385853974,Black Tern,Chlidonias niger,6725,10,US-FL,Palm Beach,L364884,Duda Farms - PRIVATE PROPERTY (Access via AE Trips Only),26.6485226,-80.6388446,2026-08-22,06:59 AM,eBird - Traveling Count,393,0,26.807,,2,,,,663526527
S210783263,Forster's Tern,Sterna forsteri,6731,1,US-FL,Palm Beach,L127416,Spanish River Park,26.3829,-80.0692,2025-01-26,10:30 AM,eBird - Traveling Count,152,1,2.072,,2,,,,649391484
S210046672,Sandwich Tern,Thalasseus sandvicensis,6775,1,US-FL,Collier,L760418,Naples Pier,26.1316826,-81.8064576,2025-01-20,10:44 AM,eBird - Traveling Count,17,1,.219,,2,,,,629452233
S210783263,Sandwich Tern,Thalasseus sandvicensis,6775,2,US-FL,Palm Beach,L127416,Spanish River Park,26.3829,-80.0692,2025-01-26,10:30 AM,eBird - Traveling Count,152,1,2.072,,2,,,,649391422
S301164021,Sandwich Tern,Thalasseus sandvicensis,6775,2,US-FL,Palm Beach,L127416,Spanish River Park,26.3829,-80.0692,2026-02-15,04:35 PM,eBird - Traveling Count,93,1,1.548,,2,,,,651159454
S210046672,Royal Tern,Thalasseus maximus,6789,100,US-FL,Collier,L760418,Naples Pier,26.1316826,-81.8064576,2025-01-20,10:44 AM,eBird - Traveling Count,17,1,.219,,2,,,,629421195 629421467
S287036530,Royal Tern,Thalasseus maximus,6789,X,US-FL,Palm Beach,L870652,Boynton Beach Inlet Park,26.5446541,-80.0426102,2025-12-02,07:13 AM,eBird - Traveling Count,57,1,.607,,2
S296186763,Royal Tern,Thalasseus maximus,6789,1,US-FL,Palm Beach,L6666238,Gulfstream Park,26.504624,-80.0528347,2026-01-25,08:21 AM,eBird - Traveling Count,58,1,.51,,2,,,,649603106
S302264241,Royal Tern,Thalasseus maximus,6789,1,US-FL,Palm Beach,L36267176,Lotus Palm,26.375345,-80.174207,2026-02-19,03:01 PM,eBird - Casual Observation,,0,,,2
S210783263,Royal Tern,Thalasseus maximus,6789,10,US-FL,Palm Beach,L127416,Spanish River Park,26.3829,-80.0692,2025-01-26,10:30 AM,eBird - Traveling Count,152,1,2.072,,2,,,,649391401
S301164021,Royal Tern,Thalasseus maximus,6789,2,US-FL,Palm Beach,L127416,Spanish River Park,26.3829,-80.0692,2026-02-15,04:35 PM,eBird - Traveling Count,93,1,1.548,,2,,,,651159496
S204692555,American Flamingo,Phoenicopterus ruber,6807,8,US-FL,Miami-Dade,L38468053,Miami Beach,25.852525,-80.134161,2024-12-06,05:00 PM,eBird - Casual Observation,,0,,,,,flying in a group about 8 birds
S289320598,White-tufted Grebe,Rollandia rolland,6821,1,PE-PUN,,L14866984,Lago Titicaca--Yanico,-15.7163426,-70.0248771,2025-12-20,08:01 AM,eBird - Traveling Count,116,1,2.249,,2,,,,648483129
S289410575,Titicaca Grebe,Rollandia microptera,6825,1,PE-PUN,,L612156,Lago Titicaca--Islas Uros,-15.818522,-69.9690056,2025-12-20,04:35 PM,eBird - Traveling Count,18,1,.078,,1
S289320598,Titicaca Grebe,Rollandia microptera,6825,2,PE-PUN,,L14866984,Lago Titicaca--Yanico,-15.7163426,-70.0248771,2025-12-20,08:01 AM,eBird - Traveling Count,116,1,2.249,,2,,,,648483070
S385853974,Pied-billed Grebe,Podilymbus podiceps,6855,1,US-FL,Palm Beach,L364884,Duda Farms - PRIVATE PROPERTY (Access via AE Trips Only),26.6485226,-80.6388446,2026-08-22,06:59 AM,eBird - Traveling Count,393,0,26.807,,2,,,,663527845 663527846 663527847
S208206321,Pied-billed Grebe,Podilymbus podiceps,6855,11,US-FL,Palm Beach,L246929,Green Cay Wetlands & Nature Center,26.4861584,-80.1607561,2025-01-05,03:13 PM,eBird - Traveling Count,165,1,1.605,,2,,,,628632559
S212516841,Pied-billed Grebe,Podilymbus podiceps,6855,3,US-FL,Palm Beach,L246929,Green Cay Wetlands & Nature Center,26.4861584,-80.1607561,2025-02-08,03:40 PM,eBird - Traveling Count,183,1,1.899,,2,,,,630435434
S295249336,Pied-billed Grebe,Podilymbus podiceps,6855,3,US-FL,Palm Beach,L246929,Green Cay Wetlands & Nature Center,26.4861584,-80.1607561,2026-01-19,03:40 PM,eBird - Traveling Count,126,1,1.37,,2,,,,649247003
S278064862,Pied-billed Grebe,Podilymbus podiceps,6855,2,US-FL,Palm Beach,L635288,Loxahatchee NWR--Marsh Trail,26.4928139,-80.2168894,2025-10-08,05:10 PM,eBird - Traveling Count,115,1,1.389,,2
S293531388,Pied-billed Grebe,Podilymbus podiceps,6855,1,US-FL,Palm Beach,L635288,Loxahatchee NWR--Marsh Trail,26.4928139,-80.2168894,2026-01-10,02:47 PM,eBird - Traveling Count,36,1,.995,,2,,,,648752309
S303034767,Pied-billed Grebe,Podilymbus podiceps,6855,2,US-FL,Palm Beach,L635288,Loxahatchee NWR--Marsh Trail,26.4928139,-80.2168894,2026-02-22,07:53 AM,eBird - Traveling Count,177,1,2.553,,2,,,,651506886
S284602086,Pied-billed Grebe,Podilymbus podiceps,6855,1,US-FL,Palm Beach,L1017638,Peaceful Waters Sanctuary,26.631443,-80.2332294,2025-11-15,09:31 AM,eBird - Traveling Count,191,1,1.742,,2
S207115735,Pied-billed Grebe,Podilymbus podiceps,6855,1,US-FL,Palm Beach,L143084,Wakodahatchee Wetlands,26.4781984,-80.144738,2024-12-29,03:35 PM,eBird - Traveling Count,120,1,.807,,2,,,,628240044
S312675029,Great Crested Grebe,Podiceps cristatus,6872,4,IE-M,Cork,L27791359,Castlemartyr--Mitchell's Wood,51.9045138,-8.0587807,2026-03-20,,Historical,,0,,,2,,,,653860501
S288707529,Humboldt Penguin,Spheniscus humboldti,6957,10,PE-LIM,,L2565173,Isla Pucusana,-12.475892,-76.8004203,2025-12-15,08:11 AM,eBird - Traveling Count,73,1,3.145,,4,,,,648481656
S209641160,Wood Stork,Mycteria americana,7306,1,US-FL,Broward,L9493424,Everglades and Francis S. Taylor WMA--MM32,26.146886,-80.5713701,2025-01-17,02:19 PM,eBird - Traveling Count,63,1,.713,,2
S385853974,Wood Stork,Mycteria americana,7306,1000,US-FL,Palm Beach,L364884,Duda Farms - PRIVATE PROPERTY (Access via AE Trips Only),26.6485226,-80.6388446,2026-08-22,06:59 AM,eBird - Traveling Count,393,0,26.807,,2,,Huge flocks for the flooding of the fields,,663527883 663527884
S208206321,Wood Stork,Mycteria americana,7306,2,US-FL,Palm Beach,L246929,Green Cay Wetlands & Nature Center,26.4861584,-80.1607561,2025-01-05,03:13 PM,eBird - Traveling Count,165,1,1.605,,2,,,,628629704
S204690024,Wood Stork,Mycteria americana,7306,X,US-FL,Palm Beach,L36267176,Lotus Palm,26.375345,-80.174207,2024-12-07,,eBird - Casual Observation,,0,,,1
S209378913,Wood Stork,Mycteria americana,7306,1,US-FL,Palm Beach,L36267176,Lotus Palm,26.375345,-80.174207,2025-01-15,08:49 AM,eBird - Stationary Count,6,1,,,2
S212660271,Wood Stork,Mycteria americana,7306,1,US-FL,Palm Beach,L36267176,Lotus Palm,26.375345,-80.174207,2025-02-09,03:02 PM,eBird - Traveling Count,10,1,.805,,2,,,,630448014
S293554088,Wood Stork,Mycteria americana,7306,1,US-FL,Palm Beach,L36267176,Lotus Palm,26.375345,-80.174207,2026-01-10,05:13 PM,eBird - Casual Observation,,0,,,2
S302403212,Wood Stork,Mycteria americana,7306,1,US-FL,Palm Beach,L36267176,Lotus Palm,26.375345,-80.174207,2026-02-20,08:37 AM,eBird - Stationary Count,50,1,,,2
S210840161,Wood Stork,Mycteria americana,7306,1,US-FL,Palm Beach,L635288,Loxahatchee NWR--Marsh Trail,26.4928139,-80.2168894,2025-01-26,03:08 PM,eBird - Traveling Count,184,1,2.069,,2,,,,629737912
S217107385,Wood Stork,Mycteria americana,7306,2,US-FL,Palm Beach,L1017638,Peaceful Waters Sanctuary,26.631443,-80.2332294,2025-03-07,03:36 PM,eBird - Traveling Count,169,1,4.097,,2
S202715649,Wood Stork,Mycteria americana,7306,X,US-FL,Palm Beach,L38077685,Spanish River Library,26.390933,-80.114249,2024-11-16,05:38 PM,eBird - Casual Observation,,0,,,1
S207115735,Wood Stork,Mycteria americana,7306,2,US-FL,Palm Beach,L143084,Wakodahatchee Wetlands,26.4781984,-80.144738,2024-12-29,03:35 PM,eBird - Traveling Count,120,1,.807,,2,,,,628239980
S318087261,Wood Stork,Mycteria americana,7306,100,US-FL,Palm Beach,L143084,Wakodahatchee Wetlands,26.4781984,-80.144738,2026-04-06,05:21 PM,eBird - Traveling Count,100,1,.897,,2
S320230158,Wood Stork,Mycteria americana,7306,100,US-FL,Palm Beach,L143084,Wakodahatchee Wetlands,26.4781984,-80.144738,2026-04-11,02:02 PM,eBird - Traveling Count,35,0,.298,,2
S209900589,Magnificent Frigatebird,Fregata magnificens,7315,2,US-FL,Collier,L662521,Lowdermilk Park Beach,26.1630071,-81.8102932,2025-01-19,10:19 AM,eBird - Traveling Count,35,1,1.609,,2,,,,629420707 629420708
S272229417,Magnificent Frigatebird,Fregata magnificens,7315,2,US-FL,Palm Beach,L52591272,Palm Beach Pelagics 9/7/25,26.462213,-79.845355,2025-09-07,07:05 AM,eBird - Traveling Count,255,1,46.333,,5,,,,649391047
S288707529,Peruvian Booby,Sula variegata,7362,20,PE-LIM,,L2565173,Isla Pucusana,-12.475892,-76.8004203,2025-12-15,08:11 AM,eBird - Traveling Count,73,1,3.145,,4,,,,648481626 648481627 648481628
S209641160,Anhinga,Anhinga anhinga,7367,5,US-FL,Broward,L9493424,Everglades and Francis S. Taylor WMA--MM32,26.146886,-80.5713701,2025-01-17,02:19 PM,eBird - Traveling Count,63,1,.713,,2
S385853974,Anhinga,Anhinga anhinga,7367,20,US-FL,Palm Beach,L364884,Duda Farms - PRIVATE PROPERTY (Access via AE Trips Only),26.6485226,-80.6388446,2026-08-22,06:59 AM,eBird - Traveling Count,393,0,26.807,,2
S379122707,Anhinga,Anhinga anhinga,7367,4,US-FL,Palm Beach,L4795535,Gladeview Rd.,26.6661316,-80.492734,2026-08-02,07:45 AM,eBird - Traveling Count,44,1,1.012,,2
S208206321,Anhinga,Anhinga anhinga,7367,5,US-FL,Palm Beach,L246929,Green Cay Wetlands & Nature Center,26.4861584,-80.1607561,2025-01-05,03:13 PM,eBird - Traveling Count,165,1,1.605,,2
S212516841,Anhinga,Anhinga anhinga,7367,1,US-FL,Palm Beach,L246929,Green Cay Wetlands & Nature Center,26.4861584,-80.1607561,2025-02-08,03:40 PM,eBird - Traveling Count,183,1,1.899,,2,,,,630427481 630427482
S295249336,Anhinga,Anhinga anhinga,7367,20,US-FL,Palm Beach,L246929,Green Cay Wetlands & Nature Center,26.4861584,-80.1607561,2026-01-19,03:40 PM,eBird - Traveling Count,126,1,1.37,,2,,,,649247192
S317316734,Anhinga,Anhinga anhinga,7367,15,US-FL,Palm Beach,L246929,Green Cay Wetlands & Nature Center,26.4861584,-80.1607561,2026-04-05,08:53 AM,eBird - Traveling Count,93,1,1.207,,2
S208517533,Anhinga,Anhinga anhinga,7367,1,US-FL,Palm Beach,L36267176,Lotus Palm,26.375345,-80.174207,2025-01-08,09:53 AM,eBird - Casual Observation,,0,,,1
S300869847,Anhinga,Anhinga anhinga,7367,1,US-FL,Palm Beach,L36267176,Lotus Palm,26.375345,-80.174207,2026-02-15,09:07 AM,eBird - Stationary Count,10,1,,,2
S208893235,Anhinga,Anhinga anhinga,7367,2,US-FL,Palm Beach,L127408,Loxahatchee NWR,26.4986442,-80.2246141,2025-01-11,12:03 PM,eBird - Traveling Count,194,1,2.489,,2,,,also checked on drive out to Bedner's,628951786
S209090098,Anhinga,Anhinga anhinga,7367,1,US-FL,Palm Beach,L127408,Loxahatchee NWR,26.4986442,-80.2246141,2025-01-12,03:39 PM,eBird - Traveling Count,143,1,2.229,,2,,,,629009392
S224704037,Anhinga,Anhinga anhinga,7367,1,US-FL,Palm Beach,L127408,Loxahatchee NWR,26.4986442,-80.2246141,2025-04-11,05:07 PM,eBird - Traveling Count,168,1,6.697,,2
S215126133,Anhinga,Anhinga anhinga,7367,1,US-FL,Palm Beach,L635288,Loxahatchee NWR--Marsh Trail,26.4928139,-80.2168894,2025-02-23,02:55 PM,eBird - Traveling Count,193,1,6.954,,2
S303034767,Anhinga,Anhinga anhinga,7367,1,US-FL,Palm Beach,L635288,Loxahatchee NWR--Marsh Trail,26.4928139,-80.2168894,2026-02-22,07:53 AM,eBird - Traveling Count,177,1,2.553,,2
S286786804,Anhinga,Anhinga anhinga,7367,3,US-FL,Palm Beach,L17950366,Paul Rardin Park,26.7492128,-80.6823063,2025-11-30,07:56 AM,eBird - Traveling Count,78,1,.173,,2
S293474276,Anhinga,Anhinga anhinga,7367,2,US-FL,Palm Beach,L17950366,Paul Rardin Park,26.7492128,-80.6823063,2026-01-10,09:49 AM,eBird - Traveling Count,74,1,.307,,2
S217107385,Anhinga,Anhinga anhinga,7367,1,US-FL,Palm Beach,L1017638,Peaceful Waters Sanctuary,26.631443,-80.2332294,2025-03-07,03:36 PM,eBird - Traveling Count,169,1,4.097,,2
S284602086,Anhinga,Anhinga anhinga,7367,2,US-FL,Palm Beach,L1017638,Peaceful Waters Sanctuary,26.631443,-80.2332294,2025-11-15,09:31 AM,eBird - Traveling Count,191,1,1.742,,2
S293438784,Anhinga,Anhinga anhinga,7367,1,US-FL,Palm Beach,L17096221,Royal Palm Post Office Retention Pond,26.6833175,-80.2079212,2026-01-10,08:17 AM,eBird - Traveling Count,35,1,.716,,2
S293450032,Anhinga,Anhinga anhinga,7367,1,US-FL,Palm Beach,L57054137,"SR-80 E, Belle Glade US-FL 26.72593, -80.57089",26.725935,-80.570894,2026-01-10,09:32 AM,eBird - Stationary Count,3,1,,,2
S202710951,Anhinga,Anhinga anhinga,7367,X,US-FL,Palm Beach,L38076610,Spanish Trail Library,26.38768,-80.115521,2024-11-16,04:55 PM,eBird - Casual Observation,,0,,,1
S285599889,Anhinga,Anhinga anhinga,7367,3,US-FL,Palm Beach,L1027913,Stormwater Treatment Area 1E - Public Use Area,26.6836236,-80.3512144,2025-11-22,10:33 AM,eBird - Traveling Count,22,1,.385,,2
S207115735,Anhinga,Anhinga anhinga,7367,6,US-FL,Palm Beach,L143084,Wakodahatchee Wetlands,26.4781984,-80.144738,2024-12-29,03:35 PM,eBird - Traveling Count,120,1,.807,,2,,,,628239933
S318087261,Anhinga,Anhinga anhinga,7367,4,US-FL,Palm Beach,L143084,Wakodahatchee Wetlands,26.4781984,-80.144738,2026-04-06,05:21 PM,eBird - Traveling Count,100,1,.897,,2
S320230158,Anhinga,Anhinga anhinga,7367,5,US-FL,Palm Beach,L143084,Wakodahatchee Wetlands,26.4781984,-80.144738,2026-04-11,02:02 PM,eBird - Traveling Count,35,0,.298,,2
S285625770,Anhinga,Anhinga anhinga,7367,1,US-FL,Palm Beach,L1023544,Wellington Environmental Preserve,26.6293528,-80.3059387,2025-11-22,11:22 AM,eBird - Traveling Count,108,1,1.852,,2
S288707529,Red-legged Cormorant,Poikilocarbo gaimardi,7388,20,PE-LIM,,L2565173,Isla Pucusana,-12.475892,-76.8004203,2025-12-15,08:11 AM,eBird - Traveling Count,73,1,3.145,,4,,Several juveliles close to the cave of Pinguins,,648481715
S309201517,Great Cormorant,Phalacrocorax carbo,7397,X,GB-NIR,Belfast,L60235032,Salmon Of Knowledge,54.601564,-5.921832,2026-03-14,08:32 PM,eBird - Casual Observation,,0,,,1
S309084194,Great Cormorant,Phalacrocorax carbo,7397,1,GB-NIR,Belfast,L60208887,Titanic,54.608212,-5.909529,2026-03-14,03:29 PM,eBird - Casual Observation,,0,,,1,,,,654182539
S310325579,Great Cormorant,Phalacrocorax carbo,7397,3,IE-M,Kerry,L1274158,Slea Head (Ceann Sléibhe),52.0982394,-10.4552024,2026-03-18,01:16 PM,eBird - Traveling Count,154,0,9.252,,2
S209641160,Double-crested Cormorant,Nannopterum auritum,7424,2,US-FL,Broward,L9493424,Everglades and Francis S. Taylor WMA--MM32,26.146886,-80.5713701,2025-01-17,02:19 PM,eBird - Traveling Count,63,1,.713,,2
S210046672,Double-crested Cormorant,Nannopterum auritum,7424,100,US-FL,Collier,L760418,Naples Pier,26.1316826,-81.8064576,2025-01-20,10:44 AM,eBird - Traveling Count,17,1,.219,,2,,,,629452307
S281324584,Double-crested Cormorant,Nannopterum auritum,7424,2,US-OH,Cuyahoga,L618902,Cleveland Lakefront Nature Preserve,41.5445933,-81.6327095,2025-10-25,02:48 PM,eBird - Traveling Count,92,1,1.105,,2
S229614320,Double-crested Cormorant,Nannopterum auritum,7424,1,US-FL,Palm Beach,L43468271,"12440 SR-7 N, Boynton Beach US-FL 26.49211, -80.20382",26.492114,-80.203816,2025-04-26,11:09 AM,eBird - Traveling Count,16,1,.908,,1
S208206321,Double-crested Cormorant,Nannopterum auritum,7424,20,US-FL,Palm Beach,L246929,Green Cay Wetlands & Nature Center,26.4861584,-80.1607561,2025-01-05,03:13 PM,eBird - Traveling Count,165,1,1.605,,2,,,,628632740 628632741
S212516841,Double-crested Cormorant,Nannopterum auritum,7424,1,US-FL,Palm Beach,L246929,Green Cay Wetlands & Nature Center,26.4861584,-80.1607561,2025-02-08,03:40 PM,eBird - Traveling Count,183,1,1.899,,2
S295249336,Double-crested Cormorant,Nannopterum auritum,7424,25,US-FL,Palm Beach,L246929,Green Cay Wetlands & Nature Center,26.4861584,-80.1607561,2026-01-19,03:40 PM,eBird - Traveling Count,126,1,1.37,,2,,,,649247311
S208517533,Double-crested Cormorant,Nannopterum auritum,7424,1,US-FL,Palm Beach,L36267176,Lotus Palm,26.375345,-80.174207,2025-01-08,09:53 AM,eBird - Casual Observation,,0,,,1
S212660271,Double-crested Cormorant,Nannopterum auritum,7424,1,US-FL,Palm Beach,L36267176,Lotus Palm,26.375345,-80.174207,2025-02-09,03:02 PM,eBird - Traveling Count,10,1,.805,,2
S300869847,Double-crested Cormorant,Nannopterum auritum,7424,1,US-FL,Palm Beach,L36267176,Lotus Palm,26.375345,-80.174207,2026-02-15,09:07 AM,eBird - Stationary Count,10,1,,,2
S302403212,Double-crested Cormorant,Nannopterum auritum,7424,1,US-FL,Palm Beach,L36267176,Lotus Palm,26.375345,-80.174207,2026-02-20,08:37 AM,eBird - Stationary Count,50,1,,,2
S302683075,Double-crested Cormorant,Nannopterum auritum,7424,1,US-FL,Palm Beach,L36267176,Lotus Palm,26.375345,-80.174207,2026-02-21,09:12 AM,eBird - Stationary Count,7,1,,,2
S209090098,Double-crested Cormorant,Nannopterum auritum,7424,1,US-FL,Palm Beach,L127408,Loxahatchee NWR,26.4986442,-80.2246141,2025-01-12,03:39 PM,eBird - Traveling Count,143,1,2.229,,2,,,,629009275
S224704037,Double-crested Cormorant,Nannopterum auritum,7424,1,US-FL,Palm Beach,L127408,Loxahatchee NWR,26.4986442,-80.2246141,2025-04-11,05:07 PM,eBird - Traveling Count,168,1,6.697,,2
S284602086,Double-crested Cormorant,Nannopterum auritum,7424,6,US-FL,Palm Beach,L1017638,Peaceful Waters Sanctuary,26.631443,-80.2332294,2025-11-15,09:31 AM,eBird - Traveling Count,191,1,1.742,,2
S320230158,Double-crested Cormorant,Nannopterum auritum,7424,1,US-FL,Palm Beach,L143084,Wakodahatchee Wetlands,26.4781984,-80.144738,2026-04-11,02:02 PM,eBird - Traveling Count,35,0,.298,,2
S290741191,Neotropic Cormorant,Nannopterum brasilianum,7431,2,PE-CUS,,L1811275,Inkaterra Machu Picchu Pueblo Hotel,-13.1576666,-72.5224949,2025-12-28,06:28 AM,eBird - Traveling Count,106,1,.425,,7,,,,648481953
S288731385,Neotropic Cormorant,Nannopterum brasilianum,7431,3,PE-LIM,,L24387723,Refugio de Vida Silvestre Los Pantanos de Villa--Entrada,-12.2119372,-76.9902818,2025-12-15,10:47 AM,eBird - Traveling Count,91,1,.354,,3
S209641160,White Ibis,Eudocimus albus,7462,8,US-FL,Broward,L9493424,Everglades and Francis S. Taylor WMA--MM32,26.146886,-80.5713701,2025-01-17,02:19 PM,eBird - Traveling Count,63,1,.713,,2,,,,629271682 629271683
S209900589,White Ibis,Eudocimus albus,7462,1,US-FL,Collier,L662521,Lowdermilk Park Beach,26.1630071,-81.8102932,2025-01-19,10:19 AM,eBird - Traveling Count,35,1,1.609,,2,,,,629420481
S385853974,White Ibis,Eudocimus albus,7462,1,US-FL,Palm Beach,L364884,Duda Farms - PRIVATE PROPERTY (Access via AE Trips Only),26.6485226,-80.6388446,2026-08-22,06:59 AM,eBird - Traveling Count,393,0,26.807,,2
S379122707,White Ibis,Eudocimus albus,7462,5,US-FL,Palm Beach,L4795535,Gladeview Rd.,26.6661316,-80.492734,2026-08-02,07:45 AM,eBird - Traveling Count,44,1,1.012,,2
S208206321,White Ibis,Eudocimus albus,7462,30,US-FL,Palm Beach,L246929,Green Cay Wetlands & Nature Center,26.4861584,-80.1607561,2025-01-05,03:13 PM,eBird - Traveling Count,165,1,1.605,,2,,,,628632649 628632650
S212516841,White Ibis,Eudocimus albus,7462,11,US-FL,Palm Beach,L246929,Green Cay Wetlands & Nature Center,26.4861584,-80.1607561,2025-02-08,03:40 PM,eBird - Traveling Count,183,1,1.899,,2,,,,630433033
S295249336,White Ibis,Eudocimus albus,7462,42,US-FL,Palm Beach,L246929,Green Cay Wetlands & Nature Center,26.4861584,-80.1607561,2026-01-19,03:40 PM,eBird - Traveling Count,126,1,1.37,,2
S317316734,White Ibis,Eudocimus albus,7462,1,US-FL,Palm Beach,L246929,Green Cay Wetlands & Nature Center,26.4861584,-80.1607561,2026-04-05,08:53 AM,eBird - Traveling Count,93,1,1.207,,2
S302403212,White Ibis,Eudocimus albus,7462,1,US-FL,Palm Beach,L36267176,Lotus Palm,26.375345,-80.174207,2026-02-20,08:37 AM,eBird - Stationary Count,50,1,,,2
S208893235,White Ibis,Eudocimus albus,7462,2,US-FL,Palm Beach,L127408,Loxahatchee NWR,26.4986442,-80.2246141,2025-01-11,12:03 PM,eBird - Traveling Count,194,1,2.489,,2,,,also checked on drive out to Bedner's,628981009
S209090098,White Ibis,Eudocimus albus,7462,40,US-FL,Palm Beach,L127408,Loxahatchee NWR,26.4986442,-80.2246141,2025-01-12,03:39 PM,eBird - Traveling Count,143,1,2.229,,2,,,,629010428
S224704037,White Ibis,Eudocimus albus,7462,1,US-FL,Palm Beach,L127408,Loxahatchee NWR,26.4986442,-80.2246141,2025-04-11,05:07 PM,eBird - Traveling Count,168,1,6.697,,2
S215126133,White Ibis,Eudocimus albus,7462,2,US-FL,Palm Beach,L635288,Loxahatchee NWR--Marsh Trail,26.4928139,-80.2168894,2025-02-23,02:55 PM,eBird - Traveling Count,193,1,6.954,,2
S278064862,White Ibis,Eudocimus albus,7462,10,US-FL,Palm Beach,L635288,Loxahatchee NWR--Marsh Trail,26.4928139,-80.2168894,2025-10-08,05:10 PM,eBird - Traveling Count,115,1,1.389,,2
S293531388,White Ibis,Eudocimus albus,7462,1,US-FL,Palm Beach,L635288,Loxahatchee NWR--Marsh Trail,26.4928139,-80.2168894,2026-01-10,02:47 PM,eBird - Traveling Count,36,1,.995,,2
S303034767,White Ibis,Eudocimus albus,7462,17,US-FL,Palm Beach,L635288,Loxahatchee NWR--Marsh Trail,26.4928139,-80.2168894,2026-02-22,07:53 AM,eBird - Traveling Count,177,1,2.553,,2
S283477696,White Ibis,Eudocimus albus,7462,1,US-FL,Palm Beach,L685923,Loxahatchee NWR--Visitor Center,26.4991985,-80.2124357,2025-11-08,08:06 AM,eBird - Traveling Count,95,1,2.282,,2
S203797925,White Ibis,Eudocimus albus,7462,X,US-FL,Palm Beach,L38291525,Morikami,26.428424,-80.157431,2024-11-27,03:49 PM,eBird - Casual Observation,,0,,,1
S278943265,White Ibis,Eudocimus albus,7462,1,US-FL,Palm Beach,L7920142,Orchard View Park,26.436809,-80.113609,2025-10-12,09:46 AM,eBird - Traveling Count,133,1,.589,,2
S280309430,White Ibis,Eudocimus albus,7462,2,US-FL,Palm Beach,L7920142,Orchard View Park,26.436809,-80.113609,2025-10-19,08:04 AM,eBird - Traveling Count,129,1,.51,,2
S280417048,White Ibis,Eudocimus albus,7462,4,US-FL,Palm Beach,L7920142,Orchard View Park,26.436809,-80.113609,2025-10-19,08:11 AM,eBird - Traveling Count,126,1,.47,,16
S286786804,White Ibis,Eudocimus albus,7462,1,US-FL,Palm Beach,L17950366,Paul Rardin Park,26.7492128,-80.6823063,2025-11-30,07:56 AM,eBird - Traveling Count,78,1,.173,,2
S293474276,White Ibis,Eudocimus albus,7462,9,US-FL,Palm Beach,L17950366,Paul Rardin Park,26.7492128,-80.6823063,2026-01-10,09:49 AM,eBird - Traveling Count,74,1,.307,,2
S217107385,White Ibis,Eudocimus albus,7462,1,US-FL,Palm Beach,L1017638,Peaceful Waters Sanctuary,26.631443,-80.2332294,2025-03-07,03:36 PM,eBird - Traveling Count,169,1,4.097,,2
S284602086,White Ibis,Eudocimus albus,7462,17,US-FL,Palm Beach,L1017638,Peaceful Waters Sanctuary,26.631443,-80.2332294,2025-11-15,09:31 AM,eBird - Traveling Count,191,1,1.742,,2
S293438784,White Ibis,Eudocimus albus,7462,1,US-FL,Palm Beach,L17096221,Royal Palm Post Office Retention Pond,26.6833175,-80.2079212,2026-01-10,08:17 AM,eBird - Traveling Count,35,1,.716,,2,,,,648751874
S285580884,White Ibis,Eudocimus albus,7462,2,US-FL,Palm Beach,L4478244,Sem-Chi Rice Road (Does Not Include Atlantic Sugar Mill),26.6668727,-80.4574621,2025-11-22,08:19 AM,eBird - Traveling Count,71,1,5.109,,2
S207115735,White Ibis,Eudocimus albus,7462,38,US-FL,Palm Beach,L143084,Wakodahatchee Wetlands,26.4781984,-80.144738,2024-12-29,03:35 PM,eBird - Traveling Count,120,1,.807,,2,,,,628239939
S318087261,White Ibis,Eudocimus albus,7462,1,US-FL,Palm Beach,L143084,Wakodahatchee Wetlands,26.4781984,-80.144738,2026-04-06,05:21 PM,eBird - Traveling Count,100,1,.897,,2
S285625770,White Ibis,Eudocimus albus,7462,3,US-FL,Palm Beach,L1023544,Wellington Environmental Preserve,26.6293528,-80.3059387,2025-11-22,11:22 AM,eBird - Traveling Count,108,1,1.852,,2
S293491692,White Ibis,Eudocimus albus,7462,30,US-FL,Palm Beach,L10672121,Winn-Dixie Plaza,26.673724,-80.671824,2026-01-10,11:50 AM,eBird - Traveling Count,27,1,.715,,2
S229614320,Glossy Ibis,Plegadis falcinellus,7467,2,US-FL,Palm Beach,L43468271,"12440 SR-7 N, Boynton Beach US-FL 26.49211, -80.20382",26.492114,-80.203816,2025-04-26,11:09 AM,eBird - Traveling Count,16,1,.908,,1
S229761681,Glossy Ibis,Plegadis falcinellus,7467,4,US-FL,Palm Beach,L22198774,Atlantic Sugar Mill,26.629057,-80.46935,2025-04-26,03:41 PM,eBird - Traveling Count,101,1,9.341,,1
S385853974,Glossy Ibis,Plegadis falcinellus,7467,3,US-FL,Palm Beach,L364884,Duda Farms - PRIVATE PROPERTY (Access via AE Trips Only),26.6485226,-80.6388446,2026-08-22,06:59 AM,eBird - Traveling Count,393,0,26.807,,2,,,,663528275
S379122707,Glossy Ibis,Plegadis falcinellus,7467,5,US-FL,Palm Beach,L4795535,Gladeview Rd.,26.6661316,-80.492734,2026-08-02,07:45 AM,eBird - Traveling Count,44,1,1.012,,2
S208206321,Glossy Ibis,Plegadis falcinellus,7467,4,US-FL,Palm Beach,L246929,Green Cay Wetlands & Nature Center,26.4861584,-80.1607561,2025-01-05,03:13 PM,eBird - Traveling Count,165,1,1.605,,2,,,,628632613
S212516841,Glossy Ibis,Plegadis falcinellus,7467,2,US-FL,Palm Beach,L246929,Green Cay Wetlands & Nature Center,26.4861584,-80.1607561,2025-02-08,03:40 PM,eBird - Traveling Count,183,1,1.899,,2
S295249336,Glossy Ibis,Plegadis falcinellus,7467,5,US-FL,Palm Beach,L246929,Green Cay Wetlands & Nature Center,26.4861584,-80.1607561,2026-01-19,03:40 PM,eBird - Traveling Count,126,1,1.37,,2
S317316734,Glossy Ibis,Plegadis falcinellus,7467,2,US-FL,Palm Beach,L246929,Green Cay Wetlands & Nature Center,26.4861584,-80.1607561,2026-04-05,08:53 AM,eBird - Traveling Count,93,1,1.207,,2
S203538419,Glossy Ibis,Plegadis falcinellus,7467,X,US-FL,Palm Beach,L38238496,Lion Country Safari,26.717566,-80.341681,2024-11-24,01:27 PM,eBird - Casual Observation,,0,,,1
S208893235,Glossy Ibis,Plegadis falcinellus,7467,4,US-FL,Palm Beach,L127408,Loxahatchee NWR,26.4986442,-80.2246141,2025-01-11,12:03 PM,eBird - Traveling Count,194,1,2.489,,2,,,also checked on drive out to Bedner's,628979980
S224704037,Glossy Ibis,Plegadis falcinellus,7467,1,US-FL,Palm Beach,L127408,Loxahatchee NWR,26.4986442,-80.2246141,2025-04-11,05:07 PM,eBird - Traveling Count,168,1,6.697,,2
S210840161,Glossy Ibis,Plegadis falcinellus,7467,5,US-FL,Palm Beach,L635288,Loxahatchee NWR--Marsh Trail,26.4928139,-80.2168894,2025-01-26,03:08 PM,eBird - Traveling Count,184,1,2.069,,2
S215126133,Glossy Ibis,Plegadis falcinellus,7467,5,US-FL,Palm Beach,L635288,Loxahatchee NWR--Marsh Trail,26.4928139,-80.2168894,2025-02-23,02:55 PM,eBird - Traveling Count,193,1,6.954,,2
S293531388,Glossy Ibis,Plegadis falcinellus,7467,1,US-FL,Palm Beach,L635288,Loxahatchee NWR--Marsh Trail,26.4928139,-80.2168894,2026-01-10,02:47 PM,eBird - Traveling Count,36,1,.995,,2
S303034767,Glossy Ibis,Plegadis falcinellus,7467,5,US-FL,Palm Beach,L635288,Loxahatchee NWR--Marsh Trail,26.4928139,-80.2168894,2026-02-22,07:53 AM,eBird - Traveling Count,177,1,2.553,,2,,,,651484707
S217107385,Glossy Ibis,Plegadis falcinellus,7467,2,US-FL,Palm Beach,L1017638,Peaceful Waters Sanctuary,26.631443,-80.2332294,2025-03-07,03:36 PM,eBird - Traveling Count,169,1,4.097,,2
S284602086,Glossy Ibis,Plegadis falcinellus,7467,2,US-FL,Palm Beach,L1017638,Peaceful Waters Sanctuary,26.631443,-80.2332294,2025-11-15,09:31 AM,eBird - Traveling Count,191,1,1.742,,2
S207115735,Glossy Ibis,Plegadis falcinellus,7467,7,US-FL,Palm Beach,L143084,Wakodahatchee Wetlands,26.4781984,-80.144738,2024-12-29,03:35 PM,eBird - Traveling Count,120,1,.807,,2
S318087261,Glossy Ibis,Plegadis falcinellus,7467,5,US-FL,Palm Beach,L143084,Wakodahatchee Wetlands,26.4781984,-80.144738,2026-04-06,05:21 PM,eBird - Traveling Count,100,1,.897,,2
S320230158,Glossy Ibis,Plegadis falcinellus,7467,3,US-FL,Palm Beach,L143084,Wakodahatchee Wetlands,26.4781984,-80.144738,2026-04-11,02:02 PM,eBird - Traveling Count,35,0,.298,,2
S291473773,Puna Ibis,Plegadis ridgwayi,7471,20,PE-CUS,,L9132151,Centro Arqueológico de Chinchero,-13.3894526,-72.0462584,2025-12-31,04:30 PM,eBird - Traveling Count,39,1,.649,,3
S288731495,Puna Ibis,Plegadis ridgwayi,7471,40,PE-LIM,,L855862,Refugio de Vida Silvestre Los Pantanos de Villa--Laguna Costera y Playa Marvilla,-12.2243504,-76.9878852,2025-12-15,12:31 PM,eBird - Traveling Count,24,1,.47,,3,,,,648425171 648426024
S209641160,Roseate Spoonbill,Platalea ajaja,7533,1,US-FL,Broward,L9493424,Everglades and Francis S. Taylor WMA--MM32,26.146886,-80.5713701,2025-01-17,02:19 PM,eBird - Traveling Count,63,1,.713,,2,,,,629271789 629271790
S385853974,Roseate Spoonbill,Platalea ajaja,7533,20,US-FL,Palm Beach,L364884,Duda Farms - PRIVATE PROPERTY (Access via AE Trips Only),26.6485226,-80.6388446,2026-08-22,06:59 AM,eBird - Traveling Count,393,0,26.807,,2,,,,663524436
S212660271,Roseate Spoonbill,Platalea ajaja,7533,1,US-FL,Palm Beach,L36267176,Lotus Palm,26.375345,-80.174207,2025-02-09,03:02 PM,eBird - Traveling Count,10,1,.805,,2,,,,630447965
S208893235,Roseate Spoonbill,Platalea ajaja,7533,3,US-FL,Palm Beach,L127408,Loxahatchee NWR,26.4986442,-80.2246141,2025-01-11,12:03 PM,eBird - Traveling Count,194,1,2.489,,2,,,also checked on drive out to Bedner's,628951814 628951815
S224704037,Roseate Spoonbill,Platalea ajaja,7533,1,US-FL,Palm Beach,L127408,Loxahatchee NWR,26.4986442,-80.2246141,2025-04-11,05:07 PM,eBird - Traveling Count,168,1,6.697,,2
S210840161,Roseate Spoonbill,Platalea ajaja,7533,5,US-FL,Palm Beach,L635288,Loxahatchee NWR--Marsh Trail,26.4928139,-80.2168894,2025-01-26,03:08 PM,eBird - Traveling Count,184,1,2.069,,2,,,,629737884
S215126133,Roseate Spoonbill,Platalea ajaja,7533,2,US-FL,Palm Beach,L635288,Loxahatchee NWR--Marsh Trail,26.4928139,-80.2168894,2025-02-23,02:55 PM,eBird - Traveling Count,193,1,6.954,,2
S303034767,Roseate Spoonbill,Platalea ajaja,7533,1,US-FL,Palm Beach,L635288,Loxahatchee NWR--Marsh Trail,26.4928139,-80.2168894,2026-02-22,07:53 AM,eBird - Traveling Count,177,1,2.553,,2
S284602086,Roseate Spoonbill,Platalea ajaja,7533,5,US-FL,Palm Beach,L1017638,Peaceful Waters Sanctuary,26.631443,-80.2332294,2025-11-15,09:31 AM,eBird - Traveling Count,191,1,1.742,,2
S207115735,Roseate Spoonbill,Platalea ajaja,7533,1,US-FL,Palm Beach,L143084,Wakodahatchee Wetlands,26.4781984,-80.144738,2024-12-29,03:35 PM,eBird - Traveling Count,120,1,.807,,2,,,,628218322
S318087261,Least Bittern,Botaurus exilis,7565,1,US-FL,Palm Beach,L143084,Wakodahatchee Wetlands,26.4781984,-80.144738,2026-04-06,05:21 PM,eBird - Traveling Count,100,1,.897,,2,NY Nest with Young,Baby bird in the nest,,654433077 654433078 654433079
S320230158,Least Bittern,Botaurus exilis,7565,1,US-FL,Palm Beach,L143084,Wakodahatchee Wetlands,26.4781984,-80.144738,2026-04-11,02:02 PM,eBird - Traveling Count,35,0,.298,,2
S379122707,Yellow-crowned Night Heron,Nyctanassa violacea,7591,2,US-FL,Palm Beach,L4795535,Gladeview Rd.,26.6661316,-80.492734,2026-08-02,07:45 AM,eBird - Traveling Count,44,1,1.012,,2,,,,662350954 662352303
S295249336,Yellow-crowned Night Heron,Nyctanassa violacea,7591,2,US-FL,Palm Beach,L246929,Green Cay Wetlands & Nature Center,26.4861584,-80.1607561,2026-01-19,03:40 PM,eBird - Traveling Count,126,1,1.37,,2,,,,649247425
S271959563,Yellow-crowned Night Heron,Nyctanassa violacea,7591,1,US-FL,Palm Beach,L7044989,Harvey E. Oyer Jr. Park,26.5466,-80.053196,2025-09-07,06:52 AM,eBird - Traveling Count,7,0,2.475,,2
S206813359,Black-crowned Night Heron,Nycticorax nycticorax,7600,X,US-FL,Miami-Dade,L38913113,Parrot Island,25.785811,-80.174147,2024-12-27,05:30 PM,eBird - Casual Observation,,0,,,1,,,,628764955
S385853974,Black-crowned Night Heron,Nycticorax nycticorax,7600,20,US-FL,Palm Beach,L364884,Duda Farms - PRIVATE PROPERTY (Access via AE Trips Only),26.6485226,-80.6388446,2026-08-22,06:59 AM,eBird - Traveling Count,393,0,26.807,,2
S212516841,Black-crowned Night Heron,Nycticorax nycticorax,7600,1,US-FL,Palm Beach,L246929,Green Cay Wetlands & Nature Center,26.4861584,-80.1607561,2025-02-08,03:40 PM,eBird - Traveling Count,183,1,1.899,,2,,,,630426180
S295249336,Black-crowned Night Heron,Nycticorax nycticorax,7600,1,US-FL,Palm Beach,L246929,Green Cay Wetlands & Nature Center,26.4861584,-80.1607561,2026-01-19,03:40 PM,eBird - Traveling Count,126,1,1.37,,2,,,,649247458
S317316734,Black-crowned Night Heron,Nycticorax nycticorax,7600,1,US-FL,Palm Beach,L246929,Green Cay Wetlands & Nature Center,26.4861584,-80.1607561,2026-04-05,08:53 AM,eBird - Traveling Count,93,1,1.207,,2
S203397067,Black-crowned Night Heron,Nycticorax nycticorax,7600,X,US-FL,Palm Beach,L38208884,Gumbo Limbo,26.36391,-80.07026,2024-11-23,04:36 PM,eBird - Casual Observation,,0,,,1
S224704037,Black-crowned Night Heron,Nycticorax nycticorax,7600,1,US-FL,Palm Beach,L127408,Loxahatchee NWR,26.4986442,-80.2246141,2025-04-11,05:07 PM,eBird - Traveling Count,168,1,6.697,,2
S278064862,Black-crowned Night Heron,Nycticorax nycticorax,7600,1,US-FL,Palm Beach,L635288,Loxahatchee NWR--Marsh Trail,26.4928139,-80.2168894,2025-10-08,05:10 PM,eBird - Traveling Count,115,1,1.389,,2
S209641160,Little Blue Heron,Egretta caerulea,7629,2,US-FL,Broward,L9493424,Everglades and Francis S. Taylor WMA--MM32,26.146886,-80.5713701,2025-01-17,02:19 PM,eBird - Traveling Count,63,1,.713,,2,,,,629271672
S208206321,Little Blue Heron,Egretta caerulea,7629,2,US-FL,Palm Beach,L246929,Green Cay Wetlands & Nature Center,26.4861584,-80.1607561,2025-01-05,03:13 PM,eBird - Traveling Count,165,1,1.605,,2,,,,628633208
S212516841,Little Blue Heron,Egretta caerulea,7629,1,US-FL,Palm Beach,L246929,Green Cay Wetlands & Nature Center,26.4861584,-80.1607561,2025-02-08,03:40 PM,eBird - Traveling Count,183,1,1.899,,2
S295249336,Little Blue Heron,Egretta caerulea,7629,7,US-FL,Palm Beach,L246929,Green Cay Wetlands & Nature Center,26.4861584,-80.1607561,2026-01-19,03:40 PM,eBird - Traveling Count,126,1,1.37,,2,,,,649298826
S203245872,Little Blue Heron,Egretta caerulea,7629,X,US-FL,Palm Beach,L36267176,Lotus Palm,26.375345,-80.174207,2024-11-22,,eBird - Casual Observation,,0,,,1
S208893235,Little Blue Heron,Egretta caerulea,7629,3,US-FL,Palm Beach,L127408,Loxahatchee NWR,26.4986442,-80.2246141,2025-01-11,12:03 PM,eBird - Traveling Count,194,1,2.489,,2,,,also checked on drive out to Bedner's,628980925 628980926
S209090098,Little Blue Heron,Egretta caerulea,7629,1,US-FL,Palm Beach,L127408,Loxahatchee NWR,26.4986442,-80.2246141,2025-01-12,03:39 PM,eBird - Traveling Count,143,1,2.229,,2,,,,629008372
S224704037,Little Blue Heron,Egretta caerulea,7629,1,US-FL,Palm Beach,L127408,Loxahatchee NWR,26.4986442,-80.2246141,2025-04-11,05:07 PM,eBird - Traveling Count,168,1,6.697,,2
S210840161,Little Blue Heron,Egretta caerulea,7629,3,US-FL,Palm Beach,L635288,Loxahatchee NWR--Marsh Trail,26.4928139,-80.2168894,2025-01-26,03:08 PM,eBird - Traveling Count,184,1,2.069,,2,,,,629738093 629738097
S215126133,Little Blue Heron,Egretta caerulea,7629,1,US-FL,Palm Beach,L635288,Loxahatchee NWR--Marsh Trail,26.4928139,-80.2168894,2025-02-23,02:55 PM,eBird - Traveling Count,193,1,6.954,,2
S278064862,Little Blue Heron,Egretta caerulea,7629,1,US-FL,Palm Beach,L635288,Loxahatchee NWR--Marsh Trail,26.4928139,-80.2168894,2025-10-08,05:10 PM,eBird - Traveling Count,115,1,1.389,,2
S293531388,Little Blue Heron,Egretta caerulea,7629,1,US-FL,Palm Beach,L635288,Loxahatchee NWR--Marsh Trail,26.4928139,-80.2168894,2026-01-10,02:47 PM,eBird - Traveling Count,36,1,.995,,2
S303034767,Little Blue Heron,Egretta caerulea,7629,3,US-FL,Palm Beach,L635288,Loxahatchee NWR--Marsh Trail,26.4928139,-80.2168894,2026-02-22,07:53 AM,eBird - Traveling Count,177,1,2.553,,2
S286786804,Little Blue Heron,Egretta caerulea,7629,1,US-FL,Palm Beach,L17950366,Paul Rardin Park,26.7492128,-80.6823063,2025-11-30,07:56 AM,eBird - Traveling Count,78,1,.173,,2,,,,646124463
S217107385,Little Blue Heron,Egretta caerulea,7629,1,US-FL,Palm Beach,L1017638,Peaceful Waters Sanctuary,26.631443,-80.2332294,2025-03-07,03:36 PM,eBird - Traveling Count,169,1,4.097,,2
S284602086,Little Blue Heron,Egretta caerulea,7629,4,US-FL,Palm Beach,L1017638,Peaceful Waters Sanctuary,26.631443,-80.2332294,2025-11-15,09:31 AM,eBird - Traveling Count,191,1,1.742,,2
S285580884,Little Blue Heron,Egretta caerulea,7629,1,US-FL,Palm Beach,L4478244,Sem-Chi Rice Road (Does Not Include Atlantic Sugar Mill),26.6668727,-80.4574621,2025-11-22,08:19 AM,eBird - Traveling Count,71,1,5.109,,2
S285599889,Little Blue Heron,Egretta caerulea,7629,1,US-FL,Palm Beach,L1027913,Stormwater Treatment Area 1E - Public Use Area,26.6836236,-80.3512144,2025-11-22,10:33 AM,eBird - Traveling Count,22,1,.385,,2
S318087261,Little Blue Heron,Egretta caerulea,7629,1,US-FL,Palm Beach,L143084,Wakodahatchee Wetlands,26.4781984,-80.144738,2026-04-06,05:21 PM,eBird - Traveling Count,100,1,.897,,2
S288731495,Little Blue Heron,Egretta caerulea,7629,6,PE-LIM,,L855862,Refugio de Vida Silvestre Los Pantanos de Villa--Laguna Costera y Playa Marvilla,-12.2243504,-76.9878852,2025-12-15,12:31 PM,eBird - Traveling Count,24,1,.47,,3,,,,648426106
S208206321,Tricolored Heron,Egretta tricolor,7630,6,US-FL,Palm Beach,L246929,Green Cay Wetlands & Nature Center,26.4861584,-80.1607561,2025-01-05,03:13 PM,eBird - Traveling Count,165,1,1.605,,2,,,,628633060 628633061 628633062
S212516841,Tricolored Heron,Egretta tricolor,7630,1,US-FL,Palm Beach,L246929,Green Cay Wetlands & Nature Center,26.4861584,-80.1607561,2025-02-08,03:40 PM,eBird - Traveling Count,183,1,1.899,,2
S295249336,Tricolored Heron,Egretta tricolor,7630,3,US-FL,Palm Beach,L246929,Green Cay Wetlands & Nature Center,26.4861584,-80.1607561,2026-01-19,03:40 PM,eBird - Traveling Count,126,1,1.37,,2
S317316734,Tricolored Heron,Egretta tricolor,7630,1,US-FL,Palm Beach,L246929,Green Cay Wetlands & Nature Center,26.4861584,-80.1607561,2026-04-05,08:53 AM,eBird - Traveling Count,93,1,1.207,,2
S200245635,Tricolored Heron,Egretta tricolor,7630,X,US-FL,Palm Beach,L36267176,Lotus Palm,26.375345,-80.174207,2024-10-11,08:06 AM,eBird - Casual Observation,,0,,,1
S208893235,Tricolored Heron,Egretta tricolor,7630,1,US-FL,Palm Beach,L127408,Loxahatchee NWR,26.4986442,-80.2246141,2025-01-11,12:03 PM,eBird - Traveling Count,194,1,2.489,,2,,,also checked on drive out to Bedner's,628981140
S224704037,Tricolored Heron,Egretta tricolor,7630,1,US-FL,Palm Beach,L127408,Loxahatchee NWR,26.4986442,-80.2246141,2025-04-11,05:07 PM,eBird - Traveling Count,168,1,6.697,,2
S210840161,Tricolored Heron,Egretta tricolor,7630,1,US-FL,Palm Beach,L635288,Loxahatchee NWR--Marsh Trail,26.4928139,-80.2168894,2025-01-26,03:08 PM,eBird - Traveling Count,184,1,2.069,,2
S215126133,Tricolored Heron,Egretta tricolor,7630,1,US-FL,Palm Beach,L635288,Loxahatchee NWR--Marsh Trail,26.4928139,-80.2168894,2025-02-23,02:55 PM,eBird - Traveling Count,193,1,6.954,,2
S278064862,Tricolored Heron,Egretta tricolor,7630,3,US-FL,Palm Beach,L635288,Loxahatchee NWR--Marsh Trail,26.4928139,-80.2168894,2025-10-08,05:10 PM,eBird - Traveling Count,115,1,1.389,,2
S293531388,Tricolored Heron,Egretta tricolor,7630,1,US-FL,Palm Beach,L635288,Loxahatchee NWR--Marsh Trail,26.4928139,-80.2168894,2026-01-10,02:47 PM,eBird - Traveling Count,36,1,.995,,2,,,,648752321
S217107385,Tricolored Heron,Egretta tricolor,7630,1,US-FL,Palm Beach,L1017638,Peaceful Waters Sanctuary,26.631443,-80.2332294,2025-03-07,03:36 PM,eBird - Traveling Count,169,1,4.097,,2
S284602086,Tricolored Heron,Egretta tricolor,7630,3,US-FL,Palm Beach,L1017638,Peaceful Waters Sanctuary,26.631443,-80.2332294,2025-11-15,09:31 AM,eBird - Traveling Count,191,1,1.742,,2
S285599889,Tricolored Heron,Egretta tricolor,7630,1,US-FL,Palm Beach,L1027913,Stormwater Treatment Area 1E - Public Use Area,26.6836236,-80.3512144,2025-11-22,10:33 AM,eBird - Traveling Count,22,1,.385,,2
S207115735,Tricolored Heron,Egretta tricolor,7630,1,US-FL,Palm Beach,L143084,Wakodahatchee Wetlands,26.4781984,-80.144738,2024-12-29,03:35 PM,eBird - Traveling Count,120,1,.807,,2,,,,628239963
S318087261,Tricolored Heron,Egretta tricolor,7630,3,US-FL,Palm Beach,L143084,Wakodahatchee Wetlands,26.4781984,-80.144738,2026-04-06,05:21 PM,eBird - Traveling Count,100,1,.897,,2
S246151798,Tricolored Heron,Egretta tricolor,7630,1,US-FL,Palm Beach,L1023544,Wellington Environmental Preserve,26.6293528,-80.3059387,2025-04-26,05:53 PM,eBird - Traveling Count,26,1,2.456,,2
S209641160,Snowy Egret,Egretta thula,7645,4,US-FL,Broward,L9493424,Everglades and Francis S. Taylor WMA--MM32,26.146886,-80.5713701,2025-01-17,02:19 PM,eBird - Traveling Count,63,1,.713,,2,,,,629271661 629271662 629271663 629271664 629271665
S353361204,Snowy Egret,Egretta thula,7645,3,US-AZ,Maricopa,L144858,Riparian Preserve at Gilbert Water Ranch,33.3614502,-111.7339478,2026-06-06,06:52 AM,eBird - Traveling Count,92,1,.812,,2
S287036530,Snowy Egret,Egretta thula,7645,2,US-FL,Palm Beach,L870652,Boynton Beach Inlet Park,26.5446541,-80.0426102,2025-12-02,07:13 AM,eBird - Traveling Count,57,1,.607,,2
S385853974,Snowy Egret,Egretta thula,7645,100,US-FL,Palm Beach,L364884,Duda Farms - PRIVATE PROPERTY (Access via AE Trips Only),26.6485226,-80.6388446,2026-08-22,06:59 AM,eBird - Traveling Count,393,0,26.807,,2,,,,663527916
S379122707,Snowy Egret,Egretta thula,7645,3,US-FL,Palm Beach,L4795535,Gladeview Rd.,26.6661316,-80.492734,2026-08-02,07:45 AM,eBird - Traveling Count,44,1,1.012,,2
S208206321,Snowy Egret,Egretta thula,7645,2,US-FL,Palm Beach,L246929,Green Cay Wetlands & Nature Center,26.4861584,-80.1607561,2025-01-05,03:13 PM,eBird - Traveling Count,165,1,1.605,,2,,,,628632811
S212516841,Snowy Egret,Egretta thula,7645,1,US-FL,Palm Beach,L246929,Green Cay Wetlands & Nature Center,26.4861584,-80.1607561,2025-02-08,03:40 PM,eBird - Traveling Count,183,1,1.899,,2
S295249336,Snowy Egret,Egretta thula,7645,5,US-FL,Palm Beach,L246929,Green Cay Wetlands & Nature Center,26.4861584,-80.1607561,2026-01-19,03:40 PM,eBird - Traveling Count,126,1,1.37,,2,,,,649248143
S317316734,Snowy Egret,Egretta thula,7645,1,US-FL,Palm Beach,L246929,Green Cay Wetlands & Nature Center,26.4861584,-80.1607561,2026-04-05,08:53 AM,eBird - Traveling Count,93,1,1.207,,2
S208893235,Snowy Egret,Egretta thula,7645,1,US-FL,Palm Beach,L127408,Loxahatchee NWR,26.4986442,-80.2246141,2025-01-11,12:03 PM,eBird - Traveling Count,194,1,2.489,,2,,,also checked on drive out to Bedner's
S215126133,Snowy Egret,Egretta thula,7645,3,US-FL,Palm Beach,L635288,Loxahatchee NWR--Marsh Trail,26.4928139,-80.2168894,2025-02-23,02:55 PM,eBird - Traveling Count,193,1,6.954,,2
S303034767,Snowy Egret,Egretta thula,7645,4,US-FL,Palm Beach,L635288,Loxahatchee NWR--Marsh Trail,26.4928139,-80.2168894,2026-02-22,07:53 AM,eBird - Traveling Count,177,1,2.553,,2
S284602086,Snowy Egret,Egretta thula,7645,4,US-FL,Palm Beach,L1017638,Peaceful Waters Sanctuary,26.631443,-80.2332294,2025-11-15,09:31 AM,eBird - Traveling Count,191,1,1.742,,2
S285599889,Snowy Egret,Egretta thula,7645,2,US-FL,Palm Beach,L1027913,Stormwater Treatment Area 1E - Public Use Area,26.6836236,-80.3512144,2025-11-22,10:33 AM,eBird - Traveling Count,22,1,.385,,2
S318087261,Snowy Egret,Egretta thula,7645,5,US-FL,Palm Beach,L143084,Wakodahatchee Wetlands,26.4781984,-80.144738,2026-04-06,05:21 PM,eBird - Traveling Count,100,1,.897,,2
S320230158,Snowy Egret,Egretta thula,7645,2,US-FL,Palm Beach,L143084,Wakodahatchee Wetlands,26.4781984,-80.144738,2026-04-11,02:02 PM,eBird - Traveling Count,35,0,.298,,2
S288707529,Snowy Egret,Egretta thula,7645,1,PE-LIM,,L2565173,Isla Pucusana,-12.475892,-76.8004203,2025-12-15,08:11 AM,eBird - Traveling Count,73,1,3.145,,4
S288731385,Snowy Egret,Egretta thula,7645,2,PE-LIM,,L24387723,Refugio de Vida Silvestre Los Pantanos de Villa--Entrada,-12.2119372,-76.9902818,2025-12-15,10:47 AM,eBird - Traveling Count,91,1,.354,,3,,,,648548317
S288731495,Snowy Egret,Egretta thula,7645,X,PE-LIM,,L855862,Refugio de Vida Silvestre Los Pantanos de Villa--Laguna Costera y Playa Marvilla,-12.2243504,-76.9878852,2025-12-15,12:31 PM,eBird - Traveling Count,24,1,.47,,3,,,,648425177 648426037 648426064
S312675029,Little Egret,Egretta garzetta,7650,1,IE-M,Cork,L27791359,Castlemartyr--Mitchell's Wood,51.9045138,-8.0587807,2026-03-20,,Historical,,0,,,2,,,,653860551
S312674100,Little Egret,Egretta garzetta,7650,1,IE-M,Cork,L17754994,Kinsale Harbour,51.7044427,-8.5194294,2026-03-19,,Historical,,0
S229614320,Green Heron,Butorides virescens,7704,1,US-FL,Palm Beach,L43468271,"12440 SR-7 N, Boynton Beach US-FL 26.49211, -80.20382",26.492114,-80.203816,2025-04-26,11:09 AM,eBird - Traveling Count,16,1,.908,,1
S385853974,Green Heron,Butorides virescens,7704,20,US-FL,Palm Beach,L364884,Duda Farms - PRIVATE PROPERTY (Access via AE Trips Only),26.6485226,-80.6388446,2026-08-22,06:59 AM,eBird - Traveling Count,393,0,26.807,,2
S379122707,Green Heron,Butorides virescens,7704,2,US-FL,Palm Beach,L4795535,Gladeview Rd.,26.6661316,-80.492734,2026-08-02,07:45 AM,eBird - Traveling Count,44,1,1.012,,2,,,,663116974
S208206321,Green Heron,Butorides virescens,7704,3,US-FL,Palm Beach,L246929,Green Cay Wetlands & Nature Center,26.4861584,-80.1607561,2025-01-05,03:13 PM,eBird - Traveling Count,165,1,1.605,,2,,,,628629498 628632768
S212516841,Green Heron,Butorides virescens,7704,4,US-FL,Palm Beach,L246929,Green Cay Wetlands & Nature Center,26.4861584,-80.1607561,2025-02-08,03:40 PM,eBird - Traveling Count,183,1,1.899,,2
S295249336,Green Heron,Butorides virescens,7704,5,US-FL,Palm Beach,L246929,Green Cay Wetlands & Nature Center,26.4861584,-80.1607561,2026-01-19,03:40 PM,eBird - Traveling Count,126,1,1.37,,2,,,,649247255
S317316734,Green Heron,Butorides virescens,7704,4,US-FL,Palm Beach,L246929,Green Cay Wetlands & Nature Center,26.4861584,-80.1607561,2026-04-05,08:53 AM,eBird - Traveling Count,93,1,1.207,,2
S212660271,Green Heron,Butorides virescens,7704,1,US-FL,Palm Beach,L36267176,Lotus Palm,26.375345,-80.174207,2025-02-09,03:02 PM,eBird - Traveling Count,10,1,.805,,2
S233799749,Green Heron,Butorides virescens,7704,X,US-FL,Palm Beach,L36267176,Lotus Palm,26.375345,-80.174207,2025-05-06,,eBird - Casual Observation,,0,,,1
S302683075,Green Heron,Butorides virescens,7704,1,US-FL,Palm Beach,L36267176,Lotus Palm,26.375345,-80.174207,2026-02-21,09:12 AM,eBird - Stationary Count,7,1,,,2
S208893235,Green Heron,Butorides virescens,7704,1,US-FL,Palm Beach,L127408,Loxahatchee NWR,26.4986442,-80.2246141,2025-01-11,12:03 PM,eBird - Traveling Count,194,1,2.489,,2,,,also checked on drive out to Bedner's,628979841
S224704037,Green Heron,Butorides virescens,7704,1,US-FL,Palm Beach,L127408,Loxahatchee NWR,26.4986442,-80.2246141,2025-04-11,05:07 PM,eBird - Traveling Count,168,1,6.697,,2
S210840161,Green Heron,Butorides virescens,7704,2,US-FL,Palm Beach,L635288,Loxahatchee NWR--Marsh Trail,26.4928139,-80.2168894,2025-01-26,03:08 PM,eBird - Traveling Count,184,1,2.069,,2,,,,629738823
S215126133,Green Heron,Butorides virescens,7704,1,US-FL,Palm Beach,L635288,Loxahatchee NWR--Marsh Trail,26.4928139,-80.2168894,2025-02-23,02:55 PM,eBird - Traveling Count,193,1,6.954,,2
S278064862,Green Heron,Butorides virescens,7704,1,US-FL,Palm Beach,L635288,Loxahatchee NWR--Marsh Trail,26.4928139,-80.2168894,2025-10-08,05:10 PM,eBird - Traveling Count,115,1,1.389,,2
S303034767,Green Heron,Butorides virescens,7704,2,US-FL,Palm Beach,L635288,Loxahatchee NWR--Marsh Trail,26.4928139,-80.2168894,2026-02-22,07:53 AM,eBird - Traveling Count,177,1,2.553,,2
S217107385,Green Heron,Butorides virescens,7704,1,US-FL,Palm Beach,L1017638,Peaceful Waters Sanctuary,26.631443,-80.2332294,2025-03-07,03:36 PM,eBird - Traveling Count,169,1,4.097,,2
S284602086,Green Heron,Butorides virescens,7704,8,US-FL,Palm Beach,L1017638,Peaceful Waters Sanctuary,26.631443,-80.2332294,2025-11-15,09:31 AM,eBird - Traveling Count,191,1,1.742,,2
S207115735,Green Heron,Butorides virescens,7704,1,US-FL,Palm Beach,L143084,Wakodahatchee Wetlands,26.4781984,-80.144738,2024-12-29,03:35 PM,eBird - Traveling Count,120,1,.807,,2,,,,628218367
S318087261,Green Heron,Butorides virescens,7704,1,US-FL,Palm Beach,L143084,Wakodahatchee Wetlands,26.4781984,-80.144738,2026-04-06,05:21 PM,eBird - Traveling Count,100,1,.897,,2
S287036530,Green Heron (virescens/bahamensis),Butorides virescens virescens/bahamensis,7705,1,US-FL,Palm Beach,L870652,Boynton Beach Inlet Park,26.5446541,-80.0426102,2025-12-02,07:13 AM,eBird - Traveling Count,57,1,.607,,2
S229761681,Western Cattle-Egret,Ardea ibis,7724,1,US-FL,Palm Beach,L22198774,Atlantic Sugar Mill,26.629057,-80.46935,2025-04-26,03:41 PM,eBird - Traveling Count,101,1,9.341,,1
S385853974,Western Cattle-Egret,Ardea ibis,7724,1,US-FL,Palm Beach,L364884,Duda Farms - PRIVATE PROPERTY (Access via AE Trips Only),26.6485226,-80.6388446,2026-08-22,06:59 AM,eBird - Traveling Count,393,0,26.807,,2
S208206321,Western Cattle-Egret,Ardea ibis,7724,2,US-FL,Palm Beach,L246929,Green Cay Wetlands & Nature Center,26.4861584,-80.1607561,2025-01-05,03:13 PM,eBird - Traveling Count,165,1,1.605,,2,,,,628632850
S212516841,Western Cattle-Egret,Ardea ibis,7724,2,US-FL,Palm Beach,L246929,Green Cay Wetlands & Nature Center,26.4861584,-80.1607561,2025-02-08,03:40 PM,eBird - Traveling Count,183,1,1.899,,2
S317316734,Western Cattle-Egret,Ardea ibis,7724,1,US-FL,Palm Beach,L246929,Green Cay Wetlands & Nature Center,26.4861584,-80.1607561,2026-04-05,08:53 AM,eBird - Traveling Count,93,1,1.207,,2
S203538284,Western Cattle-Egret,Ardea ibis,7724,X,US-FL,Palm Beach,L38238496,Lion Country Safari,26.717566,-80.341681,2024-11-24,02:08 PM,eBird - Casual Observation,,0,,,1
S208893235,Western Cattle-Egret,Ardea ibis,7724,8,US-FL,Palm Beach,L127408,Loxahatchee NWR,26.4986442,-80.2246141,2025-01-11,12:03 PM,eBird - Traveling Count,194,1,2.489,,2,,,also checked on drive out to Bedner's
S224704037,Western Cattle-Egret,Ardea ibis,7724,17,US-FL,Palm Beach,L127408,Loxahatchee NWR,26.4986442,-80.2246141,2025-04-11,05:07 PM,eBird - Traveling Count,168,1,6.697,,2
S215126133,Western Cattle-Egret,Ardea ibis,7724,4,US-FL,Palm Beach,L635288,Loxahatchee NWR--Marsh Trail,26.4928139,-80.2168894,2025-02-23,02:55 PM,eBird - Traveling Count,193,1,6.954,,2
S303034767,Western Cattle-Egret,Ardea ibis,7724,5,US-FL,Palm Beach,L635288,Loxahatchee NWR--Marsh Trail,26.4928139,-80.2168894,2026-02-22,07:53 AM,eBird - Traveling Count,177,1,2.553,,2
S286786804,Western Cattle-Egret,Ardea ibis,7724,1,US-FL,Palm Beach,L17950366,Paul Rardin Park,26.7492128,-80.6823063,2025-11-30,07:56 AM,eBird - Traveling Count,78,1,.173,,2
S293474276,Western Cattle-Egret,Ardea ibis,7724,15,US-FL,Palm Beach,L17950366,Paul Rardin Park,26.7492128,-80.6823063,2026-01-10,09:49 AM,eBird - Traveling Count,74,1,.307,,2
S217107385,Western Cattle-Egret,Ardea ibis,7724,2,US-FL,Palm Beach,L1017638,Peaceful Waters Sanctuary,26.631443,-80.2332294,2025-03-07,03:36 PM,eBird - Traveling Count,169,1,4.097,,2
S284602086,Western Cattle-Egret,Ardea ibis,7724,1,US-FL,Palm Beach,L1017638,Peaceful Waters Sanctuary,26.631443,-80.2332294,2025-11-15,09:31 AM,eBird - Traveling Count,191,1,1.742,,2
S285599889,Western Cattle-Egret,Ardea ibis,7724,6,US-FL,Palm Beach,L1027913,Stormwater Treatment Area 1E - Public Use Area,26.6836236,-80.3512144,2025-11-22,10:33 AM,eBird - Traveling Count,22,1,.385,,2
S207115735,Western Cattle-Egret,Ardea ibis,7724,1,US-FL,Palm Beach,L143084,Wakodahatchee Wetlands,26.4781984,-80.144738,2024-12-29,03:35 PM,eBird - Traveling Count,120,1,.807,,2
S318087261,Western Cattle-Egret,Ardea ibis,7724,5,US-FL,Palm Beach,L143084,Wakodahatchee Wetlands,26.4781984,-80.144738,2026-04-06,05:21 PM,eBird - Traveling Count,100,1,.897,,2
S320230158,Western Cattle-Egret,Ardea ibis,7724,1,US-FL,Palm Beach,L143084,Wakodahatchee Wetlands,26.4781984,-80.144738,2026-04-11,02:02 PM,eBird - Traveling Count,35,0,.298,,2
S293491692,Western Cattle-Egret,Ardea ibis,7724,15,US-FL,Palm Beach,L10672121,Winn-Dixie Plaza,26.673724,-80.671824,2026-01-10,11:50 AM,eBird - Traveling Count,27,1,.715,,2,,,,648697340
S209641160,Great Egret,Ardea alba,7729,10,US-FL,Broward,L9493424,Everglades and Francis S. Taylor WMA--MM32,26.146886,-80.5713701,2025-01-17,02:19 PM,eBird - Traveling Count,63,1,.713,,2,,,,629271796 629271797 629271798
S296202238,Great Egret,Ardea alba,7729,1,US-FL,Palm Beach,L870652,Boynton Beach Inlet Park,26.5446541,-80.0426102,2026-01-25,09:36 AM,eBird - Traveling Count,37,1,.596,,2,,,,649604659
S385853974,Great Egret,Ardea alba,7729,100,US-FL,Palm Beach,L364884,Duda Farms - PRIVATE PROPERTY (Access via AE Trips Only),26.6485226,-80.6388446,2026-08-22,06:59 AM,eBird - Traveling Count,393,0,26.807,,2
S379122707,Great Egret,Ardea alba,7729,1,US-FL,Palm Beach,L4795535,Gladeview Rd.,26.6661316,-80.492734,2026-08-02,07:45 AM,eBird - Traveling Count,44,1,1.012,,2
S208206321,Great Egret,Ardea alba,7729,1,US-FL,Palm Beach,L246929,Green Cay Wetlands & Nature Center,26.4861584,-80.1607561,2025-01-05,03:13 PM,eBird - Traveling Count,165,1,1.605,,2,,,,628632937
S212516841,Great Egret,Ardea alba,7729,1,US-FL,Palm Beach,L246929,Green Cay Wetlands & Nature Center,26.4861584,-80.1607561,2025-02-08,03:40 PM,eBird - Traveling Count,183,1,1.899,,2
S295249336,Great Egret,Ardea alba,7729,2,US-FL,Palm Beach,L246929,Green Cay Wetlands & Nature Center,26.4861584,-80.1607561,2026-01-19,03:40 PM,eBird - Traveling Count,126,1,1.37,,2,,,,649243117
S193604411,Great Egret,Ardea alba,7729,X,US-FL,Palm Beach,L36267176,Lotus Palm,26.375345,-80.174207,2024-09-01,,eBird - Casual Observation,,0,,,1
S208517533,Great Egret,Ardea alba,7729,1,US-FL,Palm Beach,L36267176,Lotus Palm,26.375345,-80.174207,2025-01-08,09:53 AM,eBird - Casual Observation,,0,,,1,,,,628773695 628773696 628773697
S209378913,Great Egret,Ardea alba,7729,1,US-FL,Palm Beach,L36267176,Lotus Palm,26.375345,-80.174207,2025-01-15,08:49 AM,eBird - Stationary Count,6,1,,,2
S302403212,Great Egret,Ardea alba,7729,1,US-FL,Palm Beach,L36267176,Lotus Palm,26.375345,-80.174207,2026-02-20,08:37 AM,eBird - Stationary Count,50,1,,,2
S302683075,Great Egret,Ardea alba,7729,1,US-FL,Palm Beach,L36267176,Lotus Palm,26.375345,-80.174207,2026-02-21,09:12 AM,eBird - Stationary Count,7,1,,,2
S208893235,Great Egret,Ardea alba,7729,2,US-FL,Palm Beach,L127408,Loxahatchee NWR,26.4986442,-80.2246141,2025-01-11,12:03 PM,eBird - Traveling Count,194,1,2.489,,2,,,also checked on drive out to Bedner's
S224704037,Great Egret,Ardea alba,7729,1,US-FL,Palm Beach,L127408,Loxahatchee NWR,26.4986442,-80.2246141,2025-04-11,05:07 PM,eBird - Traveling Count,168,1,6.697,,2
S210840161,Great Egret,Ardea alba,7729,2,US-FL,Palm Beach,L635288,Loxahatchee NWR--Marsh Trail,26.4928139,-80.2168894,2025-01-26,03:08 PM,eBird - Traveling Count,184,1,2.069,,2
S215126133,Great Egret,Ardea alba,7729,1,US-FL,Palm Beach,L635288,Loxahatchee NWR--Marsh Trail,26.4928139,-80.2168894,2025-02-23,02:55 PM,eBird - Traveling Count,193,1,6.954,,2
S278064862,Great Egret,Ardea alba,7729,2,US-FL,Palm Beach,L635288,Loxahatchee NWR--Marsh Trail,26.4928139,-80.2168894,2025-10-08,05:10 PM,eBird - Traveling Count,115,1,1.389,,2
S303034767,Great Egret,Ardea alba,7729,1,US-FL,Palm Beach,L635288,Loxahatchee NWR--Marsh Trail,26.4928139,-80.2168894,2026-02-22,07:53 AM,eBird - Traveling Count,177,1,2.553,,2
S283477696,Great Egret,Ardea alba,7729,1,US-FL,Palm Beach,L685923,Loxahatchee NWR--Visitor Center,26.4991985,-80.2124357,2025-11-08,08:06 AM,eBird - Traveling Count,95,1,2.282,,2
S217107385,Great Egret,Ardea alba,7729,1,US-FL,Palm Beach,L1017638,Peaceful Waters Sanctuary,26.631443,-80.2332294,2025-03-07,03:36 PM,eBird - Traveling Count,169,1,4.097,,2
S284602086,Great Egret,Ardea alba,7729,2,US-FL,Palm Beach,L1017638,Peaceful Waters Sanctuary,26.631443,-80.2332294,2025-11-15,09:31 AM,eBird - Traveling Count,191,1,1.742,,2
S250400839,Great Egret,Ardea alba,7729,1,US-FL,Palm Beach,L2685255,Pine Glades Natural Area,26.9416978,-80.257144,2025-06-14,06:01 PM,eBird - Traveling Count,137,1,4.754,,2
S285580884,Great Egret,Ardea alba,7729,1,US-FL,Palm Beach,L4478244,Sem-Chi Rice Road (Does Not Include Atlantic Sugar Mill),26.6668727,-80.4574621,2025-11-22,08:19 AM,eBird - Traveling Count,71,1,5.109,,2
S202711181,Great Egret,Ardea alba,7729,X,US-FL,Palm Beach,L38076610,Spanish Trail Library,26.38768,-80.115521,2024-11-16,04:58 PM,eBird - Casual Observation,,0,,,1
S207115735,Great Egret,Ardea alba,7729,1,US-FL,Palm Beach,L143084,Wakodahatchee Wetlands,26.4781984,-80.144738,2024-12-29,03:35 PM,eBird - Traveling Count,120,1,.807,,2,,,,628240002
S318087261,Great Egret,Ardea alba,7729,1,US-FL,Palm Beach,L143084,Wakodahatchee Wetlands,26.4781984,-80.144738,2026-04-06,05:21 PM,eBird - Traveling Count,100,1,.897,,2
S285625770,Great Egret,Ardea alba,7729,2,US-FL,Palm Beach,L1023544,Wellington Environmental Preserve,26.6293528,-80.3059387,2025-11-22,11:22 AM,eBird - Traveling Count,108,1,1.852,,2
S289320598,Great Egret,Ardea alba,7729,1,PE-PUN,,L14866984,Lago Titicaca--Yanico,-15.7163426,-70.0248771,2025-12-20,08:01 AM,eBird - Traveling Count,116,1,2.249,,2
S288731385,Great Egret,Ardea alba,7729,1,PE-LIM,,L24387723,Refugio de Vida Silvestre Los Pantanos de Villa--Entrada,-12.2119372,-76.9902818,2025-12-15,10:47 AM,eBird - Traveling Count,91,1,.354,,3,,,,648548722
S310325579,Gray Heron,Ardea cinerea,7745,1,IE-M,Kerry,L1274158,Slea Head (Ceann Sléibhe),52.0982394,-10.4552024,2026-03-18,01:16 PM,eBird - Traveling Count,154,0,9.252,,2,,,,653993129
S218826658,Gray Heron,Ardea cinerea,7745,X,GB-ENG,London,L41277754,Hyde Park,51.505873,-.166867,2025-03-16,12:44 PM,eBird - Casual Observation,,0,,,1,,,,649415932
S209641160,Great Blue Heron,Ardea herodias,7753,10,US-FL,Broward,L9493424,Everglades and Francis S. Taylor WMA--MM32,26.146886,-80.5713701,2025-01-17,02:19 PM,eBird - Traveling Count,63,1,.713,,2,,,,629271694
S353361204,Great Blue Heron,Ardea herodias,7753,1,US-AZ,Maricopa,L144858,Riparian Preserve at Gilbert Water Ranch,33.3614502,-111.7339478,2026-06-06,06:52 AM,eBird - Traveling Count,92,1,.812,,2
S229761681,Great Blue Heron,Ardea herodias,7753,1,US-FL,Palm Beach,L22198774,Atlantic Sugar Mill,26.629057,-80.46935,2025-04-26,03:41 PM,eBird - Traveling Count,101,1,9.341,,1
S385853974,Great Blue Heron,Ardea herodias,7753,20,US-FL,Palm Beach,L364884,Duda Farms - PRIVATE PROPERTY (Access via AE Trips Only),26.6485226,-80.6388446,2026-08-22,06:59 AM,eBird - Traveling Count,393,0,26.807,,2
S208206321,Great Blue Heron,Ardea herodias,7753,1,US-FL,Palm Beach,L246929,Green Cay Wetlands & Nature Center,26.4861584,-80.1607561,2025-01-05,03:13 PM,eBird - Traveling Count,165,1,1.605,,2,,,,628631957
S212516841,Great Blue Heron,Ardea herodias,7753,1,US-FL,Palm Beach,L246929,Green Cay Wetlands & Nature Center,26.4861584,-80.1607561,2025-02-08,03:40 PM,eBird - Traveling Count,183,1,1.899,,2
S295249336,Great Blue Heron,Ardea herodias,7753,2,US-FL,Palm Beach,L246929,Green Cay Wetlands & Nature Center,26.4861584,-80.1607561,2026-01-19,03:40 PM,eBird - Traveling Count,126,1,1.37,,2,,,,649356827
S317316734,Great Blue Heron,Ardea herodias,7753,1,US-FL,Palm Beach,L246929,Green Cay Wetlands & Nature Center,26.4861584,-80.1607561,2026-04-05,08:53 AM,eBird - Traveling Count,93,1,1.207,,2
S193605875,Great Blue Heron,Ardea herodias,7753,X,US-FL,Palm Beach,L36267176,Lotus Palm,26.375345,-80.174207,2024-09-01,03:23 PM,eBird - Casual Observation,,0,,,1
S208517533,Great Blue Heron,Ardea herodias,7753,1,US-FL,Palm Beach,L36267176,Lotus Palm,26.375345,-80.174207,2025-01-08,09:53 AM,eBird - Casual Observation,,0,,,1,,,,628773663 628773664 628773665 628773666 628773667 628773668 628773669 628773671 628773672
S302403212,Great Blue Heron,Ardea herodias,7753,1,US-FL,Palm Beach,L36267176,Lotus Palm,26.375345,-80.174207,2026-02-20,08:37 AM,eBird - Stationary Count,50,1,,,2
S208893235,Great Blue Heron,Ardea herodias,7753,1,US-FL,Palm Beach,L127408,Loxahatchee NWR,26.4986442,-80.2246141,2025-01-11,12:03 PM,eBird - Traveling Count,194,1,2.489,,2,,,also checked on drive out to Bedner's,628981210
S209090098,Great Blue Heron,Ardea herodias,7753,2,US-FL,Palm Beach,L127408,Loxahatchee NWR,26.4986442,-80.2246141,2025-01-12,03:39 PM,eBird - Traveling Count,143,1,2.229,,2,,,,629009235
S224704037,Great Blue Heron,Ardea herodias,7753,1,US-FL,Palm Beach,L127408,Loxahatchee NWR,26.4986442,-80.2246141,2025-04-11,05:07 PM,eBird - Traveling Count,168,1,6.697,,2
S210840161,Great Blue Heron,Ardea herodias,7753,1,US-FL,Palm Beach,L635288,Loxahatchee NWR--Marsh Trail,26.4928139,-80.2168894,2025-01-26,03:08 PM,eBird - Traveling Count,184,1,2.069,,2
S215126133,Great Blue Heron,Ardea herodias,7753,1,US-FL,Palm Beach,L635288,Loxahatchee NWR--Marsh Trail,26.4928139,-80.2168894,2025-02-23,02:55 PM,eBird - Traveling Count,193,1,6.954,,2
S278064862,Great Blue Heron,Ardea herodias,7753,1,US-FL,Palm Beach,L635288,Loxahatchee NWR--Marsh Trail,26.4928139,-80.2168894,2025-10-08,05:10 PM,eBird - Traveling Count,115,1,1.389,,2
S303034767,Great Blue Heron,Ardea herodias,7753,1,US-FL,Palm Beach,L635288,Loxahatchee NWR--Marsh Trail,26.4928139,-80.2168894,2026-02-22,07:53 AM,eBird - Traveling Count,177,1,2.553,,2
S283477696,Great Blue Heron,Ardea herodias,7753,1,US-FL,Palm Beach,L685923,Loxahatchee NWR--Visitor Center,26.4991985,-80.2124357,2025-11-08,08:06 AM,eBird - Traveling Count,95,1,2.282,,2
S293474276,Great Blue Heron,Ardea herodias,7753,1,US-FL,Palm Beach,L17950366,Paul Rardin Park,26.7492128,-80.6823063,2026-01-10,09:49 AM,eBird - Traveling Count,74,1,.307,,2
S217107385,Great Blue Heron,Ardea herodias,7753,1,US-FL,Palm Beach,L1017638,Peaceful Waters Sanctuary,26.631443,-80.2332294,2025-03-07,03:36 PM,eBird - Traveling Count,169,1,4.097,,2
S284602086,Great Blue Heron,Ardea herodias,7753,2,US-FL,Palm Beach,L1017638,Peaceful Waters Sanctuary,26.631443,-80.2332294,2025-11-15,09:31 AM,eBird - Traveling Count,191,1,1.742,,2
S285599889,Great Blue Heron,Ardea herodias,7753,2,US-FL,Palm Beach,L1027913,Stormwater Treatment Area 1E - Public Use Area,26.6836236,-80.3512144,2025-11-22,10:33 AM,eBird - Traveling Count,22,1,.385,,2
S207115735,Great Blue Heron,Ardea herodias,7753,6,US-FL,Palm Beach,L143084,Wakodahatchee Wetlands,26.4781984,-80.144738,2024-12-29,03:35 PM,eBird - Traveling Count,120,1,.807,,2,,,,628239957
S318087261,Great Blue Heron,Ardea herodias,7753,6,US-FL,Palm Beach,L143084,Wakodahatchee Wetlands,26.4781984,-80.144738,2026-04-06,05:21 PM,eBird - Traveling Count,100,1,.897,,2
S320230158,Great Blue Heron,Ardea herodias,7753,5,US-FL,Palm Beach,L143084,Wakodahatchee Wetlands,26.4781984,-80.144738,2026-04-11,02:02 PM,eBird - Traveling Count,35,0,.298,,2
S285625770,Great Blue Heron,Ardea herodias,7753,1,US-FL,Palm Beach,L1023544,Wellington Environmental Preserve,26.6293528,-80.3059387,2025-11-22,11:22 AM,eBird - Traveling Count,108,1,1.852,,2
S250400839,Great Blue Heron (Great White),Ardea herodias occidentalis,7759,1,US-FL,Palm Beach,L2685255,Pine Glades Natural Area,26.9416978,-80.257144,2025-06-14,06:01 PM,eBird - Traveling Count,137,1,4.754,,2,,"North east corner.  Follow Quail Trail (Red) and right as you get toward the corner, you should see him. Maybe 100 yards from the parking lot. He was in the same spot all the 3h we were there.",,637592760 637592761
S385853974,American White Pelican,Pelecanus erythrorhynchos,7791,50,US-FL,Palm Beach,L364884,Duda Farms - PRIVATE PROPERTY (Access via AE Trips Only),26.6485226,-80.6388446,2026-08-22,06:59 AM,eBird - Traveling Count,393,0,26.807,,2,,,,663528015
S209900589,Brown Pelican,Pelecanus occidentalis,7792,2,US-FL,Collier,L662521,Lowdermilk Park Beach,26.1630071,-81.8102932,2025-01-19,10:19 AM,eBird - Traveling Count,35,1,1.609,,2,,,,629420534
S210046672,Brown Pelican,Pelecanus occidentalis,7792,20,US-FL,Collier,L760418,Naples Pier,26.1316826,-81.8064576,2025-01-20,10:44 AM,eBird - Traveling Count,17,1,.219,,2,,,,629421615
S204658734,Brown Pelican,Pelecanus occidentalis,7792,X,US-FL,Miami-Dade,L38468053,Miami Beach,25.852525,-80.134161,2024-12-06,,eBird - Casual Observation,,0,,,1
S204692555,Brown Pelican,Pelecanus occidentalis,7792,1,US-FL,Miami-Dade,L38468053,Miami Beach,25.852525,-80.134161,2024-12-06,05:00 PM,eBird - Casual Observation,,0
S287036530,Brown Pelican,Pelecanus occidentalis,7792,5,US-FL,Palm Beach,L870652,Boynton Beach Inlet Park,26.5446541,-80.0426102,2025-12-02,07:13 AM,eBird - Traveling Count,57,1,.607,,2,,,,649332813 649332814
S296202238,Brown Pelican,Pelecanus occidentalis,7792,44,US-FL,Palm Beach,L870652,Boynton Beach Inlet Park,26.5446541,-80.0426102,2026-01-25,09:36 AM,eBird - Traveling Count,37,1,.596,,2,,,,649602594
S300869847,Brown Pelican,Pelecanus occidentalis,7792,1,US-FL,Palm Beach,L36267176,Lotus Palm,26.375345,-80.174207,2026-02-15,09:07 AM,eBird - Stationary Count,10,1,,,2
S230207616,Brown Pelican,Pelecanus occidentalis,7792,X,US-FL,Palm Beach,L127416,Spanish River Park,26.3829,-80.0692,2025-04-27,,eBird - Casual Observation,,0,,,1
S288707529,Peruvian Pelican,Pelecanus thagus,7799,15,PE-LIM,,L2565173,Isla Pucusana,-12.475892,-76.8004203,2025-12-15,08:11 AM,eBird - Traveling Count,73,1,3.145,,4,,,,648481676
S256425078,Great White Pelican,Pelecanus onocrotalus,7800,X,GR-L,Mykonos,L48983843,Windmills,37.447404,25.329848,2025-07-02,06:28 PM,eBird - Casual Observation,,0,,,1
S209641160,Black Vulture,Coragyps atratus,7811,10,US-FL,Broward,L9493424,Everglades and Francis S. Taylor WMA--MM32,26.146886,-80.5713701,2025-01-17,02:19 PM,eBird - Traveling Count,63,1,.713,,2,,,,629271699 629271700
S204719908,Black Vulture,Coragyps atratus,7811,X,US-FL,Miami-Dade,L38480769,Miami Beach,25.794413,-80.13455,2024-12-07,,eBird - Casual Observation,,0,,,1
S286786804,Black Vulture,Coragyps atratus,7811,2,US-FL,Palm Beach,L17950366,Paul Rardin Park,26.7492128,-80.6823063,2025-11-30,07:56 AM,eBird - Traveling Count,78,1,.173,,2,,,,646124219 646124220
S293491692,Black Vulture,Coragyps atratus,7811,5,US-FL,Palm Beach,L10672121,Winn-Dixie Plaza,26.673724,-80.671824,2026-01-10,11:50 AM,eBird - Traveling Count,27,1,.715,,2,,,,648697338
S288607894,Black Vulture,Coragyps atratus,7811,13,PE-LIM,,L55952052,Barranco,-12.148151,-77.022237,2025-12-14,01:31 PM,eBird - Traveling Count,78,1,.881,,2
S288378326,Black Vulture,Coragyps atratus,7811,X,PE-LIM,,L55931904,JW Marriott,-12.131527,-77.029319,2025-12-13,,eBird - Casual Observation,,0,,,1
S288731385,Black Vulture,Coragyps atratus,7811,X,PE-LIM,,L24387723,Refugio de Vida Silvestre Los Pantanos de Villa--Entrada,-12.2119372,-76.9902818,2025-12-15,10:47 AM,eBird - Traveling Count,91,1,.354,,3,,,,648483480
S209641160,Turkey Vulture,Cathartes aura,7815,10,US-FL,Broward,L9493424,Everglades and Francis S. Taylor WMA--MM32,26.146886,-80.5713701,2025-01-17,02:19 PM,eBird - Traveling Count,63,1,.713,,2,,,,629271647 629271648
S350908315,Turkey Vulture,Cathartes aura,7815,1,US-AZ,Maricopa,L210015,Desert Botanical Garden,33.4618165,-111.9436349,2026-06-01,06:49 AM,eBird - Traveling Count,177,1,1.145,,8
S210790006,Turkey Vulture,Cathartes aura,7815,1,US-FL,Palm Beach,L39730707,"3007 W Yamato Rd, Boca Raton US-FL 26.39699, -80.14767",26.39699,-80.147673,2025-01-26,01:26 PM,eBird - Traveling Count,14,1,.511,,2,,,Stopped for gas. Saw ducks!
S287036530,Turkey Vulture,Cathartes aura,7815,1,US-FL,Palm Beach,L870652,Boynton Beach Inlet Park,26.5446541,-80.0426102,2025-12-02,07:13 AM,eBird - Traveling Count,57,1,.607,,2
S296202238,Turkey Vulture,Cathartes aura,7815,2,US-FL,Palm Beach,L870652,Boynton Beach Inlet Park,26.5446541,-80.0426102,2026-01-25,09:36 AM,eBird - Traveling Count,37,1,.596,,2
S296047912,Turkey Vulture,Cathartes aura,7815,3,US-FL,Palm Beach,L57610483,Bushel Stop,26.453063,-80.1816,2026-01-24,03:08 PM,eBird - Traveling Count,9,1,.161,,2
S385853974,Turkey Vulture,Cathartes aura,7815,3,US-FL,Palm Beach,L364884,Duda Farms - PRIVATE PROPERTY (Access via AE Trips Only),26.6485226,-80.6388446,2026-08-22,06:59 AM,eBird - Traveling Count,393,0,26.807,,2,,,,663528104
S208206321,Turkey Vulture,Cathartes aura,7815,1,US-FL,Palm Beach,L246929,Green Cay Wetlands & Nature Center,26.4861584,-80.1607561,2025-01-05,03:13 PM,eBird - Traveling Count,165,1,1.605,,2,,,,628631696 628631732
S212516841,Turkey Vulture,Cathartes aura,7815,3,US-FL,Palm Beach,L246929,Green Cay Wetlands & Nature Center,26.4861584,-80.1607561,2025-02-08,03:40 PM,eBird - Traveling Count,183,1,1.899,,2
S295249336,Turkey Vulture,Cathartes aura,7815,2,US-FL,Palm Beach,L246929,Green Cay Wetlands & Nature Center,26.4861584,-80.1607561,2026-01-19,03:40 PM,eBird - Traveling Count,126,1,1.37,,2
S296186763,Turkey Vulture,Cathartes aura,7815,3,US-FL,Palm Beach,L6666238,Gulfstream Park,26.504624,-80.0528347,2026-01-25,08:21 AM,eBird - Traveling Count,58,1,.51,,2
S203969649,Turkey Vulture,Cathartes aura,7815,X,US-FL,Palm Beach,L36267176,Lotus Palm,26.375345,-80.174207,2024-11-29,11:58 AM,eBird - Casual Observation,,0,,,1
S300869847,Turkey Vulture,Cathartes aura,7815,4,US-FL,Palm Beach,L36267176,Lotus Palm,26.375345,-80.174207,2026-02-15,09:07 AM,eBird - Stationary Count,10,1,,,2
S302403212,Turkey Vulture,Cathartes aura,7815,11,US-FL,Palm Beach,L36267176,Lotus Palm,26.375345,-80.174207,2026-02-20,08:37 AM,eBird - Stationary Count,50,1,,,2
S208893235,Turkey Vulture,Cathartes aura,7815,1,US-FL,Palm Beach,L127408,Loxahatchee NWR,26.4986442,-80.2246141,2025-01-11,12:03 PM,eBird - Traveling Count,194,1,2.489,,2,,,also checked on drive out to Bedner's,628951867
S209090098,Turkey Vulture,Cathartes aura,7815,2,US-FL,Palm Beach,L127408,Loxahatchee NWR,26.4986442,-80.2246141,2025-01-12,03:39 PM,eBird - Traveling Count,143,1,2.229,,2,,,,629009936 629009937
S224704037,Turkey Vulture,Cathartes aura,7815,1,US-FL,Palm Beach,L127408,Loxahatchee NWR,26.4986442,-80.2246141,2025-04-11,05:07 PM,eBird - Traveling Count,168,1,6.697,,2
S210840161,Turkey Vulture,Cathartes aura,7815,3,US-FL,Palm Beach,L635288,Loxahatchee NWR--Marsh Trail,26.4928139,-80.2168894,2025-01-26,03:08 PM,eBird - Traveling Count,184,1,2.069,,2
S215126133,Turkey Vulture,Cathartes aura,7815,3,US-FL,Palm Beach,L635288,Loxahatchee NWR--Marsh Trail,26.4928139,-80.2168894,2025-02-23,02:55 PM,eBird - Traveling Count,193,1,6.954,,2
S278064862,Turkey Vulture,Cathartes aura,7815,1,US-FL,Palm Beach,L635288,Loxahatchee NWR--Marsh Trail,26.4928139,-80.2168894,2025-10-08,05:10 PM,eBird - Traveling Count,115,1,1.389,,2
S293531388,Turkey Vulture,Cathartes aura,7815,2,US-FL,Palm Beach,L635288,Loxahatchee NWR--Marsh Trail,26.4928139,-80.2168894,2026-01-10,02:47 PM,eBird - Traveling Count,36,1,.995,,2
S303034767,Turkey Vulture,Cathartes aura,7815,5,US-FL,Palm Beach,L635288,Loxahatchee NWR--Marsh Trail,26.4928139,-80.2168894,2026-02-22,07:53 AM,eBird - Traveling Count,177,1,2.553,,2
S280309430,Turkey Vulture,Cathartes aura,7815,2,US-FL,Palm Beach,L7920142,Orchard View Park,26.436809,-80.113609,2025-10-19,08:04 AM,eBird - Traveling Count,129,1,.51,,2
S280417048,Turkey Vulture,Cathartes aura,7815,4,US-FL,Palm Beach,L7920142,Orchard View Park,26.436809,-80.113609,2025-10-19,08:11 AM,eBird - Traveling Count,126,1,.47,,16
S286786804,Turkey Vulture,Cathartes aura,7815,14,US-FL,Palm Beach,L17950366,Paul Rardin Park,26.7492128,-80.6823063,2025-11-30,07:56 AM,eBird - Traveling Count,78,1,.173,,2,,,,646124153 646124218
S293474276,Turkey Vulture,Cathartes aura,7815,10,US-FL,Palm Beach,L17950366,Paul Rardin Park,26.7492128,-80.6823063,2026-01-10,09:49 AM,eBird - Traveling Count,74,1,.307,,2,,,,648697042 648697108
S217107385,Turkey Vulture,Cathartes aura,7815,1,US-FL,Palm Beach,L1017638,Peaceful Waters Sanctuary,26.631443,-80.2332294,2025-03-07,03:36 PM,eBird - Traveling Count,169,1,4.097,,2
S284602086,Turkey Vulture,Cathartes aura,7815,2,US-FL,Palm Beach,L1017638,Peaceful Waters Sanctuary,26.631443,-80.2332294,2025-11-15,09:31 AM,eBird - Traveling Count,191,1,1.742,,2
S296171827,Turkey Vulture,Cathartes aura,7815,1,US-FL,Palm Beach,L241457,Seacrest Scrub Natural Area,26.4959571,-80.0681371,2026-01-25,07:53 AM,eBird - Traveling Count,15,1,.24,,2
S285580884,Turkey Vulture,Cathartes aura,7815,1,US-FL,Palm Beach,L4478244,Sem-Chi Rice Road (Does Not Include Atlantic Sugar Mill),26.6668727,-80.4574621,2025-11-22,08:19 AM,eBird - Traveling Count,71,1,5.109,,2
S210783263,Turkey Vulture,Cathartes aura,7815,1,US-FL,Palm Beach,L127416,Spanish River Park,26.3829,-80.0692,2025-01-26,10:30 AM,eBird - Traveling Count,152,1,2.072,,2
S285592191,Turkey Vulture,Cathartes aura,7815,1,US-FL,Palm Beach,L7086958,Stormwater Treatment Area 1W (Limited Access),26.6762842,-80.4273806,2025-11-22,10:13 AM,eBird - Traveling Count,7,1,.093,,2
S285625770,Turkey Vulture,Cathartes aura,7815,3,US-FL,Palm Beach,L1023544,Wellington Environmental Preserve,26.6293528,-80.3059387,2025-11-22,11:22 AM,eBird - Traveling Count,108,1,1.852,,2
S293491692,Turkey Vulture,Cathartes aura,7815,3,US-FL,Palm Beach,L10672121,Winn-Dixie Plaza,26.673724,-80.671824,2026-01-10,11:50 AM,eBird - Traveling Count,27,1,.715,,2
S288707529,Turkey Vulture,Cathartes aura,7815,2,PE-LIM,,L2565173,Isla Pucusana,-12.475892,-76.8004203,2025-12-15,08:11 AM,eBird - Traveling Count,73,1,3.145,,4
S288731495,Turkey Vulture,Cathartes aura,7815,1,PE-LIM,,L855862,Refugio de Vida Silvestre Los Pantanos de Villa--Laguna Costera y Playa Marvilla,-12.2243504,-76.9878852,2025-12-15,12:31 PM,eBird - Traveling Count,24,1,.47,,3,,,,648425979
S209641160,Osprey,Pandion haliaetus,7832,1,US-FL,Broward,L9493424,Everglades and Francis S. Taylor WMA--MM32,26.146886,-80.5713701,2025-01-17,02:19 PM,eBird - Traveling Count,63,1,.713,,2
S209900589,Osprey,Pandion haliaetus,7832,1,US-FL,Collier,L662521,Lowdermilk Park Beach,26.1630071,-81.8102932,2025-01-19,10:19 AM,eBird - Traveling Count,35,1,1.609,,2,,,,629421011 629421071
S287036530,Osprey,Pandion haliaetus,7832,1,US-FL,Palm Beach,L870652,Boynton Beach Inlet Park,26.5446541,-80.0426102,2025-12-02,07:13 AM,eBird - Traveling Count,57,1,.607,,2
S385853974,Osprey,Pandion haliaetus,7832,1,US-FL,Palm Beach,L364884,Duda Farms - PRIVATE PROPERTY (Access via AE Trips Only),26.6485226,-80.6388446,2026-08-22,06:59 AM,eBird - Traveling Count,393,0,26.807,,2
S379122707,Osprey,Pandion haliaetus,7832,3,US-FL,Palm Beach,L4795535,Gladeview Rd.,26.6661316,-80.492734,2026-08-02,07:45 AM,eBird - Traveling Count,44,1,1.012,,2
S295249336,Osprey,Pandion haliaetus,7832,1,US-FL,Palm Beach,L246929,Green Cay Wetlands & Nature Center,26.4861584,-80.1607561,2026-01-19,03:40 PM,eBird - Traveling Count,126,1,1.37,,2
S193604296,Osprey,Pandion haliaetus,7832,X,US-FL,Palm Beach,L36267176,Lotus Palm,26.375345,-80.174207,2024-09-01,,eBird - Casual Observation,,0,,,1
S193718293,Osprey,Pandion haliaetus,7832,X,US-FL,Palm Beach,L36267176,Lotus Palm,26.375345,-80.174207,2024-09-02,,eBird - Casual Observation,,0,,,1
S203538483,Osprey,Pandion haliaetus,7832,X,US-FL,Palm Beach,L36267176,Lotus Palm,26.375345,-80.174207,2024-10-24,03:20 PM,eBird - Casual Observation,,0,,,1
S212424922,Osprey,Pandion haliaetus,7832,1,US-FL,Palm Beach,L36267176,Lotus Palm,26.375345,-80.174207,2025-02-07,02:00 PM,eBird - Stationary Count,15,0,,,2
S300869847,Osprey,Pandion haliaetus,7832,1,US-FL,Palm Beach,L36267176,Lotus Palm,26.375345,-80.174207,2026-02-15,09:07 AM,eBird - Stationary Count,10,1,,,2,,,,651005718
S302403212,Osprey,Pandion haliaetus,7832,1,US-FL,Palm Beach,L36267176,Lotus Palm,26.375345,-80.174207,2026-02-20,08:37 AM,eBird - Stationary Count,50,1,,,2
S303034767,Osprey,Pandion haliaetus,7832,1,US-FL,Palm Beach,L635288,Loxahatchee NWR--Marsh Trail,26.4928139,-80.2168894,2026-02-22,07:53 AM,eBird - Traveling Count,177,1,2.553,,2
S283477696,Osprey,Pandion haliaetus,7832,1,US-FL,Palm Beach,L685923,Loxahatchee NWR--Visitor Center,26.4991985,-80.2124357,2025-11-08,08:06 AM,eBird - Traveling Count,95,1,2.282,,2
S278943265,Osprey,Pandion haliaetus,7832,1,US-FL,Palm Beach,L7920142,Orchard View Park,26.436809,-80.113609,2025-10-12,09:46 AM,eBird - Traveling Count,133,1,.589,,2
S293474276,Osprey,Pandion haliaetus,7832,1,US-FL,Palm Beach,L17950366,Paul Rardin Park,26.7492128,-80.6823063,2026-01-10,09:49 AM,eBird - Traveling Count,74,1,.307,,2,,,,648697159
S217107385,Osprey,Pandion haliaetus,7832,1,US-FL,Palm Beach,L1017638,Peaceful Waters Sanctuary,26.631443,-80.2332294,2025-03-07,03:36 PM,eBird - Traveling Count,169,1,4.097,,2
S284602086,Osprey,Pandion haliaetus,7832,1,US-FL,Palm Beach,L1017638,Peaceful Waters Sanctuary,26.631443,-80.2332294,2025-11-15,09:31 AM,eBird - Traveling Count,191,1,1.742,,2
S250400839,Osprey,Pandion haliaetus,7832,1,US-FL,Palm Beach,L2685255,Pine Glades Natural Area,26.9416978,-80.257144,2025-06-14,06:01 PM,eBird - Traveling Count,137,1,4.754,,2
S285580884,Osprey,Pandion haliaetus,7832,1,US-FL,Palm Beach,L4478244,Sem-Chi Rice Road (Does Not Include Atlantic Sugar Mill),26.6668727,-80.4574621,2025-11-22,08:19 AM,eBird - Traveling Count,71,1,5.109,,2
S210783263,Osprey,Pandion haliaetus,7832,1,US-FL,Palm Beach,L127416,Spanish River Park,26.3829,-80.0692,2025-01-26,10:30 AM,eBird - Traveling Count,152,1,2.072,,2,,,,629761108
S207115735,Osprey,Pandion haliaetus,7832,1,US-FL,Palm Beach,L143084,Wakodahatchee Wetlands,26.4781984,-80.144738,2024-12-29,03:35 PM,eBird - Traveling Count,120,1,.807,,2,,,,628240039
S250400839,Swallow-tailed Kite,Elanoides forficatus,7921,3,US-FL,Palm Beach,L2685255,Pine Glades Natural Area,26.9416978,-80.257144,2025-06-14,06:01 PM,eBird - Traveling Count,137,1,4.754,,2
S350908315,Cooper's Hawk,Astur cooperii,8278,1,US-AZ,Maricopa,L210015,Desert Botanical Garden,33.4618165,-111.9436349,2026-06-01,06:49 AM,eBird - Traveling Count,177,1,1.145,,8,,,,659057121
S284602086,Cooper's Hawk,Astur cooperii,8278,1,US-FL,Palm Beach,L1017638,Peaceful Waters Sanctuary,26.631443,-80.2332294,2025-11-15,09:31 AM,eBird - Traveling Count,191,1,1.742,,2,,,,645279611
S285580884,Cooper's Hawk,Astur cooperii,8278,1,US-FL,Palm Beach,L4478244,Sem-Chi Rice Road (Does Not Include Atlantic Sugar Mill),26.6668727,-80.4574621,2025-11-22,08:19 AM,eBird - Traveling Count,71,1,5.109,,2
S349001885,Cooper's Hawk,Astur cooperii,8278,X,US-FL,Palm Beach,L68249434,Sherwin Williams,26.349584,-80.229522,2026-05-29,04:08 PM,eBird - Casual Observation,,0,,,1,,,,660207968
S289573536,Cinereous Harrier,Circus cinereus,8322,2,PE-PUN,,L56188609,GHL Hotel,-15.827541,-69.992861,2025-12-21,,eBird - Casual Observation,,0,,,1,,,,648547390 648547391 648547392 648547393 648547394 648547395
S208893235,Northern Harrier,Circus hudsonius,8324,1,US-FL,Palm Beach,L127408,Loxahatchee NWR,26.4986442,-80.2246141,2025-01-11,12:03 PM,eBird - Traveling Count,194,1,2.489,,2,,,also checked on drive out to Bedner's,628951895 628951896 628951897 628981289
S303034767,Northern Harrier,Circus hudsonius,8324,1,US-FL,Palm Beach,L635288,Loxahatchee NWR--Marsh Trail,26.4928139,-80.2168894,2026-02-22,07:53 AM,eBird - Traveling Count,177,1,2.553,,2
S283477696,Northern Harrier,Circus hudsonius,8324,1,US-FL,Palm Beach,L685923,Loxahatchee NWR--Visitor Center,26.4991985,-80.2124357,2025-11-08,08:06 AM,eBird - Traveling Count,95,1,2.282,,2,,,,645322468
S284602086,Northern Harrier,Circus hudsonius,8324,0,US-FL,Palm Beach,L1017638,Peaceful Waters Sanctuary,26.631443,-80.2332294,2025-11-15,09:31 AM,eBird - Traveling Count,191,1,1.742,,2,,,,645279528
S285580884,Northern Harrier,Circus hudsonius,8324,1,US-FL,Palm Beach,L4478244,Sem-Chi Rice Road (Does Not Include Atlantic Sugar Mill),26.6668727,-80.4574621,2025-11-22,08:19 AM,eBird - Traveling Count,71,1,5.109,,2
S293723829,Northern Harrier,Circus hudsonius,8324,1,US-FL,Palm Beach,L57114459,near Winn-Dixie Plaza,26.6783333,-80.6566667,2026-01-10,12:49 PM,eBird - Casual Observation,,0,,,2,,,,648698562 648699168 648699169 648751532
S209641160,Red-shouldered Hawk,Buteo lineatus,8487,1,US-FL,Broward,L9493424,Everglades and Francis S. Taylor WMA--MM32,26.146886,-80.5713701,2025-01-17,02:19 PM,eBird - Traveling Count,63,1,.713,,2,,,,629271635 629271640 629271641 629271642
S379122707,Red-shouldered Hawk,Buteo lineatus,8487,1,US-FL,Palm Beach,L4795535,Gladeview Rd.,26.6661316,-80.492734,2026-08-02,07:45 AM,eBird - Traveling Count,44,1,1.012,,2,,,,663116729 663116730
S295249336,Red-shouldered Hawk,Buteo lineatus,8487,1,US-FL,Palm Beach,L246929,Green Cay Wetlands & Nature Center,26.4861584,-80.1607561,2026-01-19,03:40 PM,eBird - Traveling Count,126,1,1.37,,2,,,,649247294
S210840161,Red-shouldered Hawk,Buteo lineatus,8487,2,US-FL,Palm Beach,L635288,Loxahatchee NWR--Marsh Trail,26.4928139,-80.2168894,2025-01-26,03:08 PM,eBird - Traveling Count,184,1,2.069,,2,,,,629738308 629738322 629858387
S278064862,Red-shouldered Hawk,Buteo lineatus,8487,2,US-FL,Palm Beach,L635288,Loxahatchee NWR--Marsh Trail,26.4928139,-80.2168894,2025-10-08,05:10 PM,eBird - Traveling Count,115,1,1.389,,2
S293531388,Red-shouldered Hawk,Buteo lineatus,8487,1,US-FL,Palm Beach,L635288,Loxahatchee NWR--Marsh Trail,26.4928139,-80.2168894,2026-01-10,02:47 PM,eBird - Traveling Count,36,1,.995,,2
S283477696,Red-shouldered Hawk,Buteo lineatus,8487,1,US-FL,Palm Beach,L685923,Loxahatchee NWR--Visitor Center,26.4991985,-80.2124357,2025-11-08,08:06 AM,eBird - Traveling Count,95,1,2.282,,2
S278943265,Red-shouldered Hawk,Buteo lineatus,8487,1,US-FL,Palm Beach,L7920142,Orchard View Park,26.436809,-80.113609,2025-10-12,09:46 AM,eBird - Traveling Count,133,1,.589,,2
S280309430,Red-shouldered Hawk,Buteo lineatus,8487,1,US-FL,Palm Beach,L7920142,Orchard View Park,26.436809,-80.113609,2025-10-19,08:04 AM,eBird - Traveling Count,129,1,.51,,2
S286786804,Red-shouldered Hawk,Buteo lineatus,8487,1,US-FL,Palm Beach,L17950366,Paul Rardin Park,26.7492128,-80.6823063,2025-11-30,07:56 AM,eBird - Traveling Count,78,1,.173,,2,,,,646124610
S293474276,Red-shouldered Hawk,Buteo lineatus,8487,2,US-FL,Palm Beach,L17950366,Paul Rardin Park,26.7492128,-80.6823063,2026-01-10,09:49 AM,eBird - Traveling Count,74,1,.307,,2,,,,648696449
S285580884,Red-shouldered Hawk,Buteo lineatus,8487,1,US-FL,Palm Beach,L4478244,Sem-Chi Rice Road (Does Not Include Atlantic Sugar Mill),26.6668727,-80.4574621,2025-11-22,08:19 AM,eBird - Traveling Count,71,1,5.109,,2,,,,645670388
S285625770,Red-shouldered Hawk,Buteo lineatus,8487,1,US-FL,Palm Beach,L1023544,Wellington Environmental Preserve,26.6293528,-80.3059387,2025-11-22,11:22 AM,eBird - Traveling Count,108,1,1.852,,2
S350908315,Red-tailed Hawk,Buteo jamaicensis,8506,1,US-AZ,Maricopa,L210015,Desert Botanical Garden,33.4618165,-111.9436349,2026-06-01,06:49 AM,eBird - Traveling Count,177,1,1.145,,8,,,,659057335 659057346 659057352
S270664440,Red-tailed Hawk,Buteo jamaicensis,8506,3,PR-RG,,L323802,Bosque Nacional El Yunque--Portal del Yunque,18.3392677,-65.7613605,2025-08-31,09:27 AM,eBird - Traveling Count,192,1,22.948,,3,,,,641433677
S312673001,Common Buzzard,Buteo buteo,8543,1,IE-M,Kerry,L1274158,Slea Head (Ceann Sléibhe),52.0982394,-10.4552024,2026-03-17,01:00 PM,eBird - Traveling Count,300,0,48.28,,2,,,,653860239
S212516841,American Barn Owl,Tyto furcata,8633,1,US-FL,Palm Beach,L246929,Green Cay Wetlands & Nature Center,26.4861584,-80.1607561,2025-02-08,03:40 PM,eBird - Traveling Count,183,1,1.899,,2,,Was flying over briefly but clearly a large owl. Seen at end of daylight.
S212516841,Eastern Screech-Owl,Megascops asio,8866,1,US-FL,Palm Beach,L246929,Green Cay Wetlands & Nature Center,26.4861584,-80.1607561,2025-02-08,03:40 PM,eBird - Traveling Count,183,1,1.899,,2,,Great spot by my wife in the nearly pitch dark. First owl we have seen together.,,630426170
S293474276,Great Horned Owl,Bubo virginianus,8910,1,US-FL,Palm Beach,L17950366,Paul Rardin Park,26.7492128,-80.6823063,2026-01-10,09:49 AM,eBird - Traveling Count,74,1,.307,,2,,,,648695977
S239995555,Burrowing Owl,Athene cunicularia,9133,3,US-FL,Palm Beach,L2824594,Florida Atlantic University Ecological Site,26.377813,-80.1047301,2025-05-18,06:44 PM,eBird - Traveling Count,68,1,.933,,2,,,,649390931
S379122707,Burrowing Owl,Athene cunicularia,9133,1,US-FL,Palm Beach,L4795535,Gladeview Rd.,26.6661316,-80.492734,2026-08-02,07:45 AM,eBird - Traveling Count,44,1,1.012,,2,,,,662350877
S289320598,Burrowing Owl,Athene cunicularia,9133,2,PE-PUN,,L14866984,Lago Titicaca--Yanico,-15.7163426,-70.0248771,2025-12-20,08:01 AM,eBird - Traveling Count,116,1,2.249,,2,,,,648483012 648483013 648483014
S289321284,Burrowing Owl,Athene cunicularia,9133,X,PE-PUN,,L56133353,Yanico,-15.714062,-70.021036,2025-12-20,,eBird - Casual Observation,,0,,,1
S270664440,Puerto Rican Tody,Todus mexicanus,9844,1,PR-RG,,L323802,Bosque Nacional El Yunque--Portal del Yunque,18.3392677,-65.7613605,2025-08-31,09:27 AM,eBird - Traveling Count,192,1,22.948,,3,,,,641433812
S290741191,Andean Motmot,Momotus aequatorialis,9880,1,PE-CUS,,L1811275,Inkaterra Machu Picchu Pueblo Hotel,-13.1576666,-72.5224949,2025-12-28,06:28 AM,eBird - Traveling Count,106,1,.425,,7,,,,648362491
S209641160,Belted Kingfisher,Megaceryle alcyon,10306,2,US-FL,Broward,L9493424,Everglades and Francis S. Taylor WMA--MM32,26.146886,-80.5713701,2025-01-17,02:19 PM,eBird - Traveling Count,63,1,.713,,2
S210790006,Belted Kingfisher,Megaceryle alcyon,10306,1,US-FL,Palm Beach,L39730707,"3007 W Yamato Rd, Boca Raton US-FL 26.39699, -80.14767",26.39699,-80.147673,2025-01-26,01:26 PM,eBird - Traveling Count,14,1,.511,,2,,,Stopped for gas. Saw ducks!
S208893235,Belted Kingfisher,Megaceryle alcyon,10306,1,US-FL,Palm Beach,L127408,Loxahatchee NWR,26.4986442,-80.2246141,2025-01-11,12:03 PM,eBird - Traveling Count,194,1,2.489,,2,,,also checked on drive out to Bedner's,628979825
S210840161,Belted Kingfisher,Megaceryle alcyon,10306,1,US-FL,Palm Beach,L635288,Loxahatchee NWR--Marsh Trail,26.4928139,-80.2168894,2025-01-26,03:08 PM,eBird - Traveling Count,184,1,2.069,,2
S280309430,Belted Kingfisher,Megaceryle alcyon,10306,1,US-FL,Palm Beach,L7920142,Orchard View Park,26.436809,-80.113609,2025-10-19,08:04 AM,eBird - Traveling Count,129,1,.51,,2
S217107385,Belted Kingfisher,Megaceryle alcyon,10306,1,US-FL,Palm Beach,L1017638,Peaceful Waters Sanctuary,26.631443,-80.2332294,2025-03-07,03:36 PM,eBird - Traveling Count,169,1,4.097,,2
S284602086,Belted Kingfisher,Megaceryle alcyon,10306,1,US-FL,Palm Beach,L1017638,Peaceful Waters Sanctuary,26.631443,-80.2332294,2025-11-15,09:31 AM,eBird - Traveling Count,191,1,1.742,,2
S293450032,Belted Kingfisher,Megaceryle alcyon,10306,1,US-FL,Palm Beach,L57054137,"SR-80 E, Belle Glade US-FL 26.72593, -80.57089",26.725935,-80.570894,2026-01-10,09:32 AM,eBird - Stationary Count,3,1,,,2,,,,648695619
S285580884,Belted Kingfisher,Megaceryle alcyon,10306,1,US-FL,Palm Beach,L4478244,Sem-Chi Rice Road (Does Not Include Atlantic Sugar Mill),26.6668727,-80.4574621,2025-11-22,08:19 AM,eBird - Traveling Count,71,1,5.109,,2
S285599889,Belted Kingfisher,Megaceryle alcyon,10306,1,US-FL,Palm Beach,L1027913,Stormwater Treatment Area 1E - Public Use Area,26.6836236,-80.3512144,2025-11-22,10:33 AM,eBird - Traveling Count,22,1,.385,,2
S303034767,Yellow-bellied Sapsucker,Sphyrapicus varius,11126,1,US-FL,Palm Beach,L635288,Loxahatchee NWR--Marsh Trail,26.4928139,-80.2168894,2026-02-22,07:53 AM,eBird - Traveling Count,177,1,2.553,,2,,,,651484371 651484372
S210783263,Yellow-bellied Sapsucker,Sphyrapicus varius,11126,1,US-FL,Palm Beach,L127416,Spanish River Park,26.3829,-80.0692,2025-01-26,10:30 AM,eBird - Traveling Count,152,1,2.072,,2,,,,649391716
S350908315,Gila Woodpecker,Melanerpes uropygialis,11176,1,US-AZ,Maricopa,L210015,Desert Botanical Garden,33.4618165,-111.9436349,2026-06-01,06:49 AM,eBird - Traveling Count,177,1,1.145,,8,,,,659056948
S340512989,Gila Woodpecker,Melanerpes uropygialis,11176,2,US-AZ,Maricopa,L66211621,Mayo Clinic,33.660292,-111.957061,2026-05-16,05:19 PM,eBird - Traveling Count,11,1,.435,,2,,,,657664255 657664256 657664257 657664258 657664259
S352790290,Gila Woodpecker,Melanerpes uropygialis,11176,1,US-AZ,Maricopa,L999878,Northsight Park,33.6122247,-111.8988848,2026-06-05,06:44 AM,eBird - Traveling Count,101,1,.399,,2
S353361204,Gila Woodpecker,Melanerpes uropygialis,11176,1,US-AZ,Maricopa,L144858,Riparian Preserve at Gilbert Water Ranch,33.3614502,-111.7339478,2026-06-06,06:52 AM,eBird - Traveling Count,92,1,.812,,2
S209900589,Red-bellied Woodpecker,Melanerpes carolinus,11199,1,US-FL,Collier,L662521,Lowdermilk Park Beach,26.1630071,-81.8102932,2025-01-19,10:19 AM,eBird - Traveling Count,35,1,1.609,,2,,,,629420777
S208206321,Red-bellied Woodpecker,Melanerpes carolinus,11199,1,US-FL,Palm Beach,L246929,Green Cay Wetlands & Nature Center,26.4861584,-80.1607561,2025-01-05,03:13 PM,eBird - Traveling Count,165,1,1.605,,2,,,,628631787
S212516841,Red-bellied Woodpecker,Melanerpes carolinus,11199,1,US-FL,Palm Beach,L246929,Green Cay Wetlands & Nature Center,26.4861584,-80.1607561,2025-02-08,03:40 PM,eBird - Traveling Count,183,1,1.899,,2,,,,630427358
S208893235,Red-bellied Woodpecker,Melanerpes carolinus,11199,1,US-FL,Palm Beach,L127408,Loxahatchee NWR,26.4986442,-80.2246141,2025-01-11,12:03 PM,eBird - Traveling Count,194,1,2.489,,2,,,also checked on drive out to Bedner's,628979794
S209090098,Red-bellied Woodpecker,Melanerpes carolinus,11199,2,US-FL,Palm Beach,L127408,Loxahatchee NWR,26.4986442,-80.2246141,2025-01-12,03:39 PM,eBird - Traveling Count,143,1,2.229,,2,,,,629010047 629010049 629010050 629010051
S224704037,Red-bellied Woodpecker,Melanerpes carolinus,11199,1,US-FL,Palm Beach,L127408,Loxahatchee NWR,26.4986442,-80.2246141,2025-04-11,05:07 PM,eBird - Traveling Count,168,1,6.697,,2
S210840161,Red-bellied Woodpecker,Melanerpes carolinus,11199,5,US-FL,Palm Beach,L635288,Loxahatchee NWR--Marsh Trail,26.4928139,-80.2168894,2025-01-26,03:08 PM,eBird - Traveling Count,184,1,2.069,,2,,,,629737973
S278064862,Red-bellied Woodpecker,Melanerpes carolinus,11199,1,US-FL,Palm Beach,L635288,Loxahatchee NWR--Marsh Trail,26.4928139,-80.2168894,2025-10-08,05:10 PM,eBird - Traveling Count,115,1,1.389,,2
S293531388,Red-bellied Woodpecker,Melanerpes carolinus,11199,1,US-FL,Palm Beach,L635288,Loxahatchee NWR--Marsh Trail,26.4928139,-80.2168894,2026-01-10,02:47 PM,eBird - Traveling Count,36,1,.995,,2
S303034767,Red-bellied Woodpecker,Melanerpes carolinus,11199,2,US-FL,Palm Beach,L635288,Loxahatchee NWR--Marsh Trail,26.4928139,-80.2168894,2026-02-22,07:53 AM,eBird - Traveling Count,177,1,2.553,,2
S283477696,Red-bellied Woodpecker,Melanerpes carolinus,11199,3,US-FL,Palm Beach,L685923,Loxahatchee NWR--Visitor Center,26.4991985,-80.2124357,2025-11-08,08:06 AM,eBird - Traveling Count,95,1,2.282,,2
S278943265,Red-bellied Woodpecker,Melanerpes carolinus,11199,1,US-FL,Palm Beach,L7920142,Orchard View Park,26.436809,-80.113609,2025-10-12,09:46 AM,eBird - Traveling Count,133,1,.589,,2
S280309430,Red-bellied Woodpecker,Melanerpes carolinus,11199,1,US-FL,Palm Beach,L7920142,Orchard View Park,26.436809,-80.113609,2025-10-19,08:04 AM,eBird - Traveling Count,129,1,.51,,2
S280417048,Red-bellied Woodpecker,Melanerpes carolinus,11199,3,US-FL,Palm Beach,L7920142,Orchard View Park,26.436809,-80.113609,2025-10-19,08:11 AM,eBird - Traveling Count,126,1,.47,,16
S286786804,Red-bellied Woodpecker,Melanerpes carolinus,11199,1,US-FL,Palm Beach,L17950366,Paul Rardin Park,26.7492128,-80.6823063,2025-11-30,07:56 AM,eBird - Traveling Count,78,1,.173,,2
S293474276,Red-bellied Woodpecker,Melanerpes carolinus,11199,1,US-FL,Palm Beach,L17950366,Paul Rardin Park,26.7492128,-80.6823063,2026-01-10,09:49 AM,eBird - Traveling Count,74,1,.307,,2
S284602086,Red-bellied Woodpecker,Melanerpes carolinus,11199,1,US-FL,Palm Beach,L1017638,Peaceful Waters Sanctuary,26.631443,-80.2332294,2025-11-15,09:31 AM,eBird - Traveling Count,191,1,1.742,,2
S250400839,Red-bellied Woodpecker,Melanerpes carolinus,11199,1,US-FL,Palm Beach,L2685255,Pine Glades Natural Area,26.9416978,-80.257144,2025-06-14,06:01 PM,eBird - Traveling Count,137,1,4.754,,2
S293438784,Red-bellied Woodpecker,Melanerpes carolinus,11199,1,US-FL,Palm Beach,L17096221,Royal Palm Post Office Retention Pond,26.6833175,-80.2079212,2026-01-10,08:17 AM,eBird - Traveling Count,35,1,.716,,2,,,,648695128
S210783263,Red-bellied Woodpecker,Melanerpes carolinus,11199,1,US-FL,Palm Beach,L127416,Spanish River Park,26.3829,-80.0692,2025-01-26,10:30 AM,eBird - Traveling Count,152,1,2.072,,2
S285625770,Red-bellied Woodpecker,Melanerpes carolinus,11199,1,US-FL,Palm Beach,L1023544,Wellington Environmental Preserve,26.6293528,-80.3059387,2025-11-22,11:22 AM,eBird - Traveling Count,108,1,1.852,,2
S281324584,Downy Woodpecker,Dryobates pubescens,11400,1,US-OH,Cuyahoga,L618902,Cleveland Lakefront Nature Preserve,41.5445933,-81.6327095,2025-10-25,02:48 PM,eBird - Traveling Count,92,1,1.105,,2
S212516841,Downy Woodpecker,Dryobates pubescens,11400,1,US-FL,Palm Beach,L246929,Green Cay Wetlands & Nature Center,26.4861584,-80.1607561,2025-02-08,03:40 PM,eBird - Traveling Count,183,1,1.899,,2,,,,630427129
S303034767,Downy Woodpecker,Dryobates pubescens,11400,1,US-FL,Palm Beach,L635288,Loxahatchee NWR--Marsh Trail,26.4928139,-80.2168894,2026-02-22,07:53 AM,eBird - Traveling Count,177,1,2.553,,2,,,,651484415
S283477696,Downy Woodpecker,Dryobates pubescens,11400,2,US-FL,Palm Beach,L685923,Loxahatchee NWR--Visitor Center,26.4991985,-80.2124357,2025-11-08,08:06 AM,eBird - Traveling Count,95,1,2.282,,2
S278943265,Downy Woodpecker,Dryobates pubescens,11400,1,US-FL,Palm Beach,L7920142,Orchard View Park,26.436809,-80.113609,2025-10-12,09:46 AM,eBird - Traveling Count,133,1,.589,,2
S280309430,Downy Woodpecker,Dryobates pubescens,11400,1,US-FL,Palm Beach,L7920142,Orchard View Park,26.436809,-80.113609,2025-10-19,08:04 AM,eBird - Traveling Count,129,1,.51,,2
S280417048,Downy Woodpecker,Dryobates pubescens,11400,3,US-FL,Palm Beach,L7920142,Orchard View Park,26.436809,-80.113609,2025-10-19,08:11 AM,eBird - Traveling Count,126,1,.47,,16
S285625770,Downy Woodpecker,Dryobates pubescens,11400,1,US-FL,Palm Beach,L1023544,Wellington Environmental Preserve,26.6293528,-80.3059387,2025-11-22,11:22 AM,eBird - Traveling Count,108,1,1.852,,2
S208893235,Pileated Woodpecker,Dryocopus pileatus,11762,1,US-FL,Palm Beach,L127408,Loxahatchee NWR,26.4986442,-80.2246141,2025-01-11,12:03 PM,eBird - Traveling Count,194,1,2.489,,2,,,also checked on drive out to Bedner's,628951932 628951933 628951934 628951936 628951937
S210840161,Pileated Woodpecker,Dryocopus pileatus,11762,5,US-FL,Palm Beach,L635288,Loxahatchee NWR--Marsh Trail,26.4928139,-80.2168894,2025-01-26,03:08 PM,eBird - Traveling Count,184,1,2.069,,2,,,,629738967 629738986
S215126133,Pileated Woodpecker,Dryocopus pileatus,11762,1,US-FL,Palm Beach,L635288,Loxahatchee NWR--Marsh Trail,26.4928139,-80.2168894,2025-02-23,02:55 PM,eBird - Traveling Count,193,1,6.954,,2
S278064862,Pileated Woodpecker,Dryocopus pileatus,11762,2,US-FL,Palm Beach,L635288,Loxahatchee NWR--Marsh Trail,26.4928139,-80.2168894,2025-10-08,05:10 PM,eBird - Traveling Count,115,1,1.389,,2
S278943265,Pileated Woodpecker,Dryocopus pileatus,11762,1,US-FL,Palm Beach,L7920142,Orchard View Park,26.436809,-80.113609,2025-10-12,09:46 AM,eBird - Traveling Count,133,1,.589,,2
S280309430,Pileated Woodpecker,Dryocopus pileatus,11762,1,US-FL,Palm Beach,L7920142,Orchard View Park,26.436809,-80.113609,2025-10-19,08:04 AM,eBird - Traveling Count,129,1,.51,,2
S280417048,Pileated Woodpecker,Dryocopus pileatus,11762,1,US-FL,Palm Beach,L7920142,Orchard View Park,26.436809,-80.113609,2025-10-19,08:11 AM,eBird - Traveling Count,126,1,.47,,16,,,,643794244
S250400839,Northern Flicker (Yellow-shafted),Colaptes auratus auratus/luteus,11903,1,US-FL,Palm Beach,L2685255,Pine Glades Natural Area,26.9416978,-80.257144,2025-06-14,06:01 PM,eBird - Traveling Count,137,1,4.754,,2,,,,637592770
S350908315,Gilded Flicker,Colaptes chrysoides,11914,1,US-AZ,Maricopa,L210015,Desert Botanical Garden,33.4618165,-111.9436349,2026-06-01,06:49 AM,eBird - Traveling Count,177,1,1.145,,8,,,,659057050
S352790290,Gilded Flicker,Colaptes chrysoides,11914,1,US-AZ,Maricopa,L999878,Northsight Park,33.6122247,-111.8988848,2026-06-05,06:44 AM,eBird - Traveling Count,101,1,.399,,2
S289994557,Andean Flicker,Colaptes rupicola,11924,1,PE-CUS,,L56281370,Sexy Woman,-13.506157,-71.97932,2025-12-24,11:01 AM,eBird - Casual Observation,,0,,,1,,,,648362094
S291423248,Mountain Caracara,Daptrius megalopterus,11974,3,PE-CUS,,L56616042,Near Maras,-13.314522,-72.144761,2025-12-31,12:40 PM,eBird - Casual Observation,,0,,,3,,,,648238182 648238183 648238184
S255688435,Eurasian Kestrel,Falco tinnunculus,11993,1,GR-I,Central Athens,L48823275,Athens,37.983647,23.72844,2025-06-30,10:11 PM,eBird - Casual Observation,,0,,,1,,Soaring near the Parthenon,,638491631 638491632 638491633 638491634 638491635
S215126133,American Kestrel,Falco sparverius,12028,1,US-FL,Palm Beach,L635288,Loxahatchee NWR--Marsh Trail,26.4928139,-80.2168894,2025-02-23,02:55 PM,eBird - Traveling Count,193,1,6.954,,2
S285580884,American Kestrel,Falco sparverius,12028,2,US-FL,Palm Beach,L4478244,Sem-Chi Rice Road (Does Not Include Atlantic Sugar Mill),26.6668727,-80.4574621,2025-11-22,08:19 AM,eBird - Traveling Count,71,1,5.109,,2,,,,645672680
S293491692,American Kestrel,Falco sparverius,12028,1,US-FL,Palm Beach,L10672121,Winn-Dixie Plaza,26.673724,-80.671824,2026-01-10,11:50 AM,eBird - Traveling Count,27,1,.715,,2,,,,648697223
S289320598,American Kestrel,Falco sparverius,12028,3,PE-PUN,,L14866984,Lago Titicaca--Yanico,-15.7163426,-70.0248771,2025-12-20,08:01 AM,eBird - Traveling Count,116,1,2.249,,2,,,,648482922
S255231359,Rose-ringed Parakeet,Psittacula krameri,12350,X,GR-I,Central Athens,L48720014,Gardens,37.972271,23.734021,2025-06-29,04:56 PM,eBird - Casual Observation,,0,,,1
S308303563,Rose-ringed Parakeet,Psittacula krameri,12350,4,GB-ENG,London,L12106872,Bethnal Green NR,51.5296166,-.0581845,2026-03-11,03:47 PM,eBird - Traveling Count,20,1,.132,,2
S218818326,Rose-ringed Parakeet,Psittacula krameri,12350,X,GB-ENG,London,L41276137,Hyde Park,51.504161,-.155089,2025-03-16,12:10 PM,eBird - Casual Observation,,0,,,1,,,,649415512
S350908315,Rosy-faced Lovebird,Agapornis roseicollis,12744,1,US-AZ,Maricopa,L210015,Desert Botanical Garden,33.4618165,-111.9436349,2026-06-01,06:49 AM,eBird - Traveling Count,177,1,1.145,,8,,,,659057977
S341905570,Rosy-faced Lovebird,Agapornis roseicollis,12744,1,US-AZ,Maricopa,L66211621,Mayo Clinic,33.660292,-111.957061,2026-05-18,12:28 PM,eBird - Casual Observation,,0,,,2,,,,657964823 657964824 657964825
S352790290,Rosy-faced Lovebird,Agapornis roseicollis,12744,5,US-AZ,Maricopa,L999878,Northsight Park,33.6122247,-111.8988848,2026-06-05,06:44 AM,eBird - Traveling Count,101,1,.399,,2
S255225562,Monk Parakeet,Myiopsitta monachus,12819,X,GR-I,Central Athens,L48718865,Temple Of Zeus,37.970846,23.734693,2025-06-29,04:45 PM,eBird - Casual Observation,,0,,,1
S208893235,Monk Parakeet,Myiopsitta monachus,12819,20,US-FL,Palm Beach,L127408,Loxahatchee NWR,26.4986442,-80.2246141,2025-01-11,12:03 PM,eBird - Traveling Count,194,1,2.489,,2,,,also checked on drive out to Bedner's,628951967
S209090098,Monk Parakeet,Myiopsitta monachus,12819,2,US-FL,Palm Beach,L127408,Loxahatchee NWR,26.4986442,-80.2246141,2025-01-12,03:39 PM,eBird - Traveling Count,143,1,2.229,,2,,,,629008190
S215126133,Monk Parakeet,Myiopsitta monachus,12819,2,US-FL,Palm Beach,L635288,Loxahatchee NWR--Marsh Trail,26.4928139,-80.2168894,2025-02-23,02:55 PM,eBird - Traveling Count,193,1,6.954,,2
S303034767,Monk Parakeet,Myiopsitta monachus,12819,4,US-FL,Palm Beach,L635288,Loxahatchee NWR--Marsh Trail,26.4928139,-80.2168894,2026-02-22,07:53 AM,eBird - Traveling Count,177,1,2.553,,2,,,,651484802
S284602086,Monk Parakeet,Myiopsitta monachus,12819,1,US-FL,Palm Beach,L1017638,Peaceful Waters Sanctuary,26.631443,-80.2332294,2025-11-15,09:31 AM,eBird - Traveling Count,191,1,1.742,,2
S293450032,Monk Parakeet,Myiopsitta monachus,12819,3,US-FL,Palm Beach,L57054137,"SR-80 E, Belle Glade US-FL 26.72593, -80.57089",26.725935,-80.570894,2026-01-10,09:32 AM,eBird - Stationary Count,3,1,,,2
S271959563,Nanday Parakeet,Aratinga nenday,13128,4,US-FL,Palm Beach,L7044989,Harvey E. Oyer Jr. Park,26.5466,-80.053196,2025-09-07,06:52 AM,eBird - Traveling Count,7,0,2.475,,2,,,,641608373
S243159031,Nanday Parakeet,Aratinga nenday,13128,X,US-FL,Palm Beach,L36267176,Lotus Palm,26.375345,-80.174207,2025-05-26,,eBird - Casual Observation,,0,,,1
S284602086,Nanday Parakeet,Aratinga nenday,13128,6,US-FL,Palm Beach,L1017638,Peaceful Waters Sanctuary,26.631443,-80.2332294,2025-11-15,09:31 AM,eBird - Traveling Count,191,1,1.742,,2
S361319120,Nanday Parakeet,Aratinga nenday,13128,X,US-FL,Palm Beach,L51523911,Whole Foods,26.367259,-80.1958,2026-06-21,06:32 PM,eBird - Casual Observation,,0,,,1,,,,660207987
S304649338,Red-masked Parakeet,Psittacara erythrogenys,13203,X,US-FL,Miami-Dade,L59347015,The Biltmore,25.740724,-80.279906,2026-02-28,12:21 PM,eBird - Casual Observation,,0,,,1
S304650724,Red-masked Parakeet,Psittacara erythrogenys,13203,25,US-FL,Miami-Dade,L59347015,The Biltmore,25.740724,-80.279906,2026-02-28,12:23 PM,eBird - Casual Observation,,0,,,2
S288479011,Red-masked Parakeet,Psittacara erythrogenys,13203,X,PE-LIM,,L55953418,Barranco,-12.152775,-77.02247,2025-12-13,05:42 PM,eBird - Casual Observation,,0,,,1,,,,646905654 646905655 646905656
S296186763,White-eyed Parakeet,Psittacara leucophthalmus,13205,10,US-FL,Palm Beach,L6666238,Gulfstream Park,26.504624,-80.0528347,2026-01-25,08:21 AM,eBird - Traveling Count,58,1,.51,,2,,Distinctive red on wing with green head
S289320598,Wren-like Rushbird,Phleocryptes melanops,15062,2,PE-PUN,,L14866984,Lago Titicaca--Yanico,-15.7163426,-70.0248771,2025-12-20,08:01 AM,eBird - Traveling Count,116,1,2.249,,2,,,,648483257
S288731385,Wren-like Rushbird,Phleocryptes melanops,15062,1,PE-LIM,,L24387723,Refugio de Vida Silvestre Los Pantanos de Villa--Entrada,-12.2119372,-76.9902818,2025-12-15,10:47 AM,eBird - Traveling Count,91,1,.354,,3
S288707529,Surf Cinclodes,Cinclodes taczanowskii,15119,2,PE-LIM,,L2565173,Isla Pucusana,-12.475892,-76.8004203,2025-12-15,08:11 AM,eBird - Traveling Count,73,1,3.145,,4,,,,648481771
S291416031,Rusty-fronted Canastero,Asthenes ottonis,15446,2,PE-CUS,,L2026362,Sitio Arqueológico Moray,-13.3300784,-72.1971703,2025-12-31,12:02 PM,eBird - Casual Observation,,0,,,3,,,,648237591 648237592
S290741191,Andean Cock-of-the-rock,Rupicola peruvianus,15900,1,PE-CUS,,L1811275,Inkaterra Machu Picchu Pueblo Hotel,-13.1576666,-72.5224949,2025-12-28,06:28 AM,eBird - Traveling Count,106,1,.425,,7,,,,648362497
S289320598,Many-colored Rush Tyrant,Tachuris rubrigastra,16196,1,PE-PUN,,L14866984,Lago Titicaca--Yanico,-15.7163426,-70.0248771,2025-12-20,08:01 AM,eBird - Traveling Count,116,1,2.249,,2,,,,648542516 648542517
S288731385,Many-colored Rush Tyrant,Tachuris rubrigastra,16196,2,PE-LIM,,L24387723,Refugio de Vida Silvestre Los Pantanos de Villa--Entrada,-12.2119372,-76.9902818,2025-12-15,10:47 AM,eBird - Traveling Count,91,1,.354,,3
S291161388,White-crested Elaenia,Elaenia albiceps,16712,1,PE-CUS,,L11989150,Santuario de Colibríes--Ensifera Camp,-13.2569681,-72.1739531,2025-12-30,06:32 AM,eBird - Traveling Count,103,1,.21,,2,,,,648240167 648240168 648240169
S290741191,Torrent Tyrannulet,Serpophaga cinerea,16746,2,PE-CUS,,L1811275,Inkaterra Machu Picchu Pueblo Hotel,-13.1576666,-72.5224949,2025-12-28,06:28 AM,eBird - Traveling Count,106,1,.425,,7,,,,648482331
S352790290,Black Phoebe,Sayornis nigricans,16998,1,US-AZ,Maricopa,L999878,Northsight Park,33.6122247,-111.8988848,2026-06-05,06:44 AM,eBird - Traveling Count,101,1,.399,,2
S353361204,Black Phoebe,Sayornis nigricans,16998,2,US-AZ,Maricopa,L144858,Riparian Preserve at Gilbert Water Ranch,33.3614502,-111.7339478,2026-06-06,06:52 AM,eBird - Traveling Count,92,1,.812,,2
S290741191,Black Phoebe,Sayornis nigricans,16998,2,PE-CUS,,L1811275,Inkaterra Machu Picchu Pueblo Hotel,-13.1576666,-72.5224949,2025-12-28,06:28 AM,eBird - Traveling Count,106,1,.425,,7,,,,648482127
S281324584,Eastern Phoebe,Sayornis phoebe,17007,1,US-OH,Cuyahoga,L618902,Cleveland Lakefront Nature Preserve,41.5445933,-81.6327095,2025-10-25,02:48 PM,eBird - Traveling Count,92,1,1.105,,2
S212516841,Eastern Phoebe,Sayornis phoebe,17007,1,US-FL,Palm Beach,L246929,Green Cay Wetlands & Nature Center,26.4861584,-80.1607561,2025-02-08,03:40 PM,eBird - Traveling Count,183,1,1.899,,2,,,,630426990
S295249336,Eastern Phoebe,Sayornis phoebe,17007,1,US-FL,Palm Beach,L246929,Green Cay Wetlands & Nature Center,26.4861584,-80.1607561,2026-01-19,03:40 PM,eBird - Traveling Count,126,1,1.37,,2,,,,649247024
S208893235,Eastern Phoebe,Sayornis phoebe,17007,2,US-FL,Palm Beach,L127408,Loxahatchee NWR,26.4986442,-80.2246141,2025-01-11,12:03 PM,eBird - Traveling Count,194,1,2.489,,2,,,also checked on drive out to Bedner's,628981459 628981460 628981462 628981463 628981464
S209090098,Eastern Phoebe,Sayornis phoebe,17007,1,US-FL,Palm Beach,L127408,Loxahatchee NWR,26.4986442,-80.2246141,2025-01-12,03:39 PM,eBird - Traveling Count,143,1,2.229,,2,,,,629009830
S210840161,Eastern Phoebe,Sayornis phoebe,17007,4,US-FL,Palm Beach,L635288,Loxahatchee NWR--Marsh Trail,26.4928139,-80.2168894,2025-01-26,03:08 PM,eBird - Traveling Count,184,1,2.069,,2,,,,629738372 629738379
S215126133,Eastern Phoebe,Sayornis phoebe,17007,1,US-FL,Palm Beach,L635288,Loxahatchee NWR--Marsh Trail,26.4928139,-80.2168894,2025-02-23,02:55 PM,eBird - Traveling Count,193,1,6.954,,2
S293531388,Eastern Phoebe,Sayornis phoebe,17007,2,US-FL,Palm Beach,L635288,Loxahatchee NWR--Marsh Trail,26.4928139,-80.2168894,2026-01-10,02:47 PM,eBird - Traveling Count,36,1,.995,,2
S303034767,Eastern Phoebe,Sayornis phoebe,17007,3,US-FL,Palm Beach,L635288,Loxahatchee NWR--Marsh Trail,26.4928139,-80.2168894,2026-02-22,07:53 AM,eBird - Traveling Count,177,1,2.553,,2,,,,651484315
S283477696,Eastern Phoebe,Sayornis phoebe,17007,1,US-FL,Palm Beach,L685923,Loxahatchee NWR--Visitor Center,26.4991985,-80.2124357,2025-11-08,08:06 AM,eBird - Traveling Count,95,1,2.282,,2
S286786804,Eastern Phoebe,Sayornis phoebe,17007,1,US-FL,Palm Beach,L17950366,Paul Rardin Park,26.7492128,-80.6823063,2025-11-30,07:56 AM,eBird - Traveling Count,78,1,.173,,2,,,,646124465
S293474276,Eastern Phoebe,Sayornis phoebe,17007,1,US-FL,Palm Beach,L17950366,Paul Rardin Park,26.7492128,-80.6823063,2026-01-10,09:49 AM,eBird - Traveling Count,74,1,.307,,2,,,,648752044
S217107385,Eastern Phoebe,Sayornis phoebe,17007,1,US-FL,Palm Beach,L1017638,Peaceful Waters Sanctuary,26.631443,-80.2332294,2025-03-07,03:36 PM,eBird - Traveling Count,169,1,4.097,,2
S285580884,Eastern Phoebe,Sayornis phoebe,17007,1,US-FL,Palm Beach,L4478244,Sem-Chi Rice Road (Does Not Include Atlantic Sugar Mill),26.6668727,-80.4574621,2025-11-22,08:19 AM,eBird - Traveling Count,71,1,5.109,,2
S285599889,Eastern Phoebe,Sayornis phoebe,17007,1,US-FL,Palm Beach,L1027913,Stormwater Treatment Area 1E - Public Use Area,26.6836236,-80.3512144,2025-11-22,10:33 AM,eBird - Traveling Count,22,1,.385,,2
S285625770,Eastern Phoebe,Sayornis phoebe,17007,2,US-FL,Palm Beach,L1023544,Wellington Environmental Preserve,26.6293528,-80.3059387,2025-11-22,11:22 AM,eBird - Traveling Count,108,1,1.852,,2
S205621832,Say's Phoebe,Sayornis saya,17010,X,MX-MEX,Teotihuacán,L38658330,Pyramids,19.688154,-98.852713,2024-12-16,11:27 AM,eBird - Casual Observation,,0,,,1
S352790290,Vermilion Flycatcher,Pyrocephalus rubinus,17029,1,US-AZ,Maricopa,L999878,Northsight Park,33.6122247,-111.8988848,2026-06-05,06:44 AM,eBird - Traveling Count,101,1,.399,,2
S286786804,Vermilion Flycatcher,Pyrocephalus rubinus,17029,1,US-FL,Palm Beach,L17950366,Paul Rardin Park,26.7492128,-80.6823063,2025-11-30,07:56 AM,eBird - Traveling Count,78,1,.173,,2,,Clear red body and black stripe on head. Sitting on the pump station,,646132105 646132106 646132107
S293474276,Vermilion Flycatcher,Pyrocephalus rubinus,17029,1,US-FL,Palm Beach,L17950366,Paul Rardin Park,26.7492128,-80.6823063,2026-01-10,09:49 AM,eBird - Traveling Count,74,1,.307,,2,,Distinctive bright red and black. Pics to follow,,648695651
S205610065,Vermilion Flycatcher,Pyrocephalus rubinus,17029,X,MX-MEX,Teotihuacán,L38658330,Pyramids,19.688154,-98.852713,2024-12-16,,eBird - Casual Observation,,0,,,1
S288607894,Vermilion Flycatcher,Pyrocephalus rubinus,17029,1,PE-LIM,,L55952052,Barranco,-12.148151,-77.022237,2025-12-14,01:31 PM,eBird - Traveling Count,78,1,.881,,2
S288467071,Vermilion Flycatcher,Pyrocephalus rubinus,17029,1,PE-LIM,,L55950672,Miraflores,-12.134478,-77.025989,2025-12-13,05:13 PM,eBird - Casual Observation,,0,,,1,,,,646907021
S288731385,Vermilion Flycatcher,Pyrocephalus rubinus,17029,2,PE-LIM,,L24387723,Refugio de Vida Silvestre Los Pantanos de Villa--Entrada,-12.2119372,-76.9902818,2025-12-15,10:47 AM,eBird - Traveling Count,91,1,.354,,3,,,,648543721 648547627 648547757
S289320598,Andean Negrito,Lessonia oreas,17047,8,PE-PUN,,L14866984,Lago Titicaca--Yanico,-15.7163426,-70.0248771,2025-12-20,08:01 AM,eBird - Traveling Count,116,1,2.249,,2,,,,648543025 648543026 648543027
S290636415,White-winged Black-Tyrant,Knipolegus aterrimus,17068,2,PE-CUS,,L1004819,Santuario Historico Machu Picchu--Machu Picchu Ruinas (Valqui B3.2),-13.163607,-72.546165,2025-12-27,02:15 PM,eBird - Traveling Count,171,1,.44,,2,,,,648362387
S350908315,Ash-throated Flycatcher,Myiarchus cinerascens,17323,1,US-AZ,Maricopa,L210015,Desert Botanical Garden,33.4618165,-111.9436349,2026-06-01,06:49 AM,eBird - Traveling Count,177,1,1.145,,8,,,,659057772
S353361204,Ash-throated Flycatcher,Myiarchus cinerascens,17323,1,US-AZ,Maricopa,L144858,Riparian Preserve at Gilbert Water Ranch,33.3614502,-111.7339478,2026-06-06,06:52 AM,eBird - Traveling Count,92,1,.812,,2
S290741191,Social Flycatcher,Myiozetetes similis,17392,1,PE-CUS,,L1811275,Inkaterra Machu Picchu Pueblo Hotel,-13.1576666,-72.5224949,2025-12-28,06:28 AM,eBird - Traveling Count,106,1,.425,,7,,,,648482305
S290431288,Social Flycatcher,Myiozetetes similis,17392,X,PE-CUS,,L56382810,Sumaq Hotel,-13.153727,-72.528134,2025-12-26,07:27 PM,eBird - Casual Observation,,0,,,1
S290741191,Golden-crowned Flycatcher,Myiodynastes chrysocephalus,17427,1,PE-CUS,,L1811275,Inkaterra Machu Picchu Pueblo Hotel,-13.1576666,-72.5224949,2025-12-28,06:28 AM,eBird - Traveling Count,106,1,.425,,7,,,,648482062 648482063 648482064 648482065 648482066
S286786804,Tropical Kingbird,Tyrannus melancholicus,17452,1,US-FL,Palm Beach,L17950366,Paul Rardin Park,26.7492128,-80.6823063,2025-11-30,07:56 AM,eBird - Traveling Count,78,1,.173,,2,,Notable large beak grey head and yellow body,,646126235 646126236 646126237
S293474276,Tropical Kingbird,Tyrannus melancholicus,17452,1,US-FL,Palm Beach,L17950366,Paul Rardin Park,26.7492128,-80.6823063,2026-01-10,09:49 AM,eBird - Traveling Count,74,1,.307,,2,,noted stronger beak than Western and brighter colors,,648751789 648751809
S285580884,Tropical Kingbird,Tyrannus melancholicus,17452,1,US-FL,Palm Beach,L4478244,Sem-Chi Rice Road (Does Not Include Atlantic Sugar Mill),26.6668727,-80.4574621,2025-11-22,08:19 AM,eBird - Traveling Count,71,1,5.109,,2,,sitting on a wire by the road. will post pics.,,645669807 645669980 645673535
S288467071,Tropical Kingbird,Tyrannus melancholicus,17452,1,PE-LIM,,L55950672,Miraflores,-12.134478,-77.025989,2025-12-13,05:13 PM,eBird - Casual Observation,,0,,,1,,,,646907018
S286786804,Cassin's Kingbird,Tyrannus vociferans,17461,1,US-FL,Palm Beach,L17950366,Paul Rardin Park,26.7492128,-80.6823063,2025-11-30,07:56 AM,eBird - Traveling Count,78,1,.173,,2,,White mustachioed. Pic coming.,,646127054
S286786804,Western Kingbird,Tyrannus verticalis,17467,2,US-FL,Palm Beach,L17950366,Paul Rardin Park,26.7492128,-80.6823063,2025-11-30,07:56 AM,eBird - Traveling Count,78,1,.173,,2,,Grey head. Yellow body. Smaller beak than tropical,,646126234
S293474276,Western Kingbird,Tyrannus verticalis,17467,2,US-FL,Palm Beach,L17950366,Paul Rardin Park,26.7492128,-80.6823063,2026-01-10,09:49 AM,eBird - Traveling Count,74,1,.307,,2,,Drabber color than the tropical. Pics to follow,,648702420 648751698 648751699 648751700 648751701 648751702 648751703 648751704 648751705 648751706 648751707
S267477155,Gray Kingbird,Tyrannus dominicensis,17474,3,US-FL,Palm Beach,L39350795,Mission Plaza,26.371581,-80.204998,2025-08-15,07:17 PM,eBird - Traveling Count,18,0,.145,,2,,,,640356967
S267474718,Gray Kingbird,Tyrannus dominicensis,17474,X,US-FL,Palm Beach,L39350795,Mission Plaza,26.371581,-80.204998,2025-08-15,07:18 PM,eBird - Casual Observation,,0,,,1
S267271953,Gray Kingbird,Tyrannus dominicensis,17474,X,US-FL,Palm Beach,L37089279,Near Home Depot,26.366388,-80.19531,2025-08-14,08:00 PM,eBird - Casual Observation,,0,,,1
S267363073,Gray Kingbird,Tyrannus dominicensis,17474,4,US-FL,Palm Beach,L51523911,Whole Foods,26.367259,-80.1958,2025-08-14,08:00 PM,eBird - Casual Observation,,0,,,2,,Vocalizing,,640309902 640309903
S270664440,Gray Kingbird,Tyrannus dominicensis,17474,1,PR-RG,,L323802,Bosque Nacional El Yunque--Portal del Yunque,18.3392677,-65.7613605,2025-08-31,09:27 AM,eBird - Traveling Count,192,1,22.948,,3,,,,641433683
S280309430,White-eyed Vireo,Vireo griseus,19165,1,US-FL,Palm Beach,L7920142,Orchard View Park,26.436809,-80.113609,2025-10-19,08:04 AM,eBird - Traveling Count,129,1,.51,,2,,,,649332958
S280417048,White-eyed Vireo,Vireo griseus,19165,2,US-FL,Palm Beach,L7920142,Orchard View Park,26.436809,-80.113609,2025-10-19,08:11 AM,eBird - Traveling Count,126,1,.47,,16
S278943265,Red-eyed Vireo,Vireo olivaceus,19267,1,US-FL,Palm Beach,L7920142,Orchard View Park,26.436809,-80.113609,2025-10-12,09:46 AM,eBird - Traveling Count,133,1,.589,,2,,,,643773559
S229761681,Loggerhead Shrike,Lanius ludovicianus,21091,1,US-FL,Palm Beach,L22198774,Atlantic Sugar Mill,26.629057,-80.46935,2025-04-26,03:41 PM,eBird - Traveling Count,101,1,9.341,,1
S385853974,Loggerhead Shrike,Lanius ludovicianus,21091,1,US-FL,Palm Beach,L364884,Duda Farms - PRIVATE PROPERTY (Access via AE Trips Only),26.6485226,-80.6388446,2026-08-22,06:59 AM,eBird - Traveling Count,393,0,26.807,,2
S216000726,Loggerhead Shrike,Lanius ludovicianus,21091,1,US-FL,Palm Beach,L36267176,Lotus Palm,26.375345,-80.174207,2025-03-01,08:56 AM,eBird - Casual Observation,,0,,,2
S296308258,Loggerhead Shrike,Lanius ludovicianus,21091,1,US-FL,Palm Beach,L36267176,Lotus Palm,26.375345,-80.174207,2026-01-25,05:47 PM,eBird - Stationary Count,5,1,,,1
S300869847,Loggerhead Shrike,Lanius ludovicianus,21091,1,US-FL,Palm Beach,L36267176,Lotus Palm,26.375345,-80.174207,2026-02-15,09:07 AM,eBird - Stationary Count,10,1,,,2,,,,651005703 651005704
S302403212,Loggerhead Shrike,Lanius ludovicianus,21091,1,US-FL,Palm Beach,L36267176,Lotus Palm,26.375345,-80.174207,2026-02-20,08:37 AM,eBird - Stationary Count,50,1,,,2
S217107385,Loggerhead Shrike,Lanius ludovicianus,21091,1,US-FL,Palm Beach,L1017638,Peaceful Waters Sanctuary,26.631443,-80.2332294,2025-03-07,03:36 PM,eBird - Traveling Count,169,1,4.097,,2
S284602086,Loggerhead Shrike,Lanius ludovicianus,21091,1,US-FL,Palm Beach,L1017638,Peaceful Waters Sanctuary,26.631443,-80.2332294,2025-11-15,09:31 AM,eBird - Traveling Count,191,1,1.742,,2
S250400839,Loggerhead Shrike,Lanius ludovicianus,21091,1,US-FL,Palm Beach,L2685255,Pine Glades Natural Area,26.9416978,-80.257144,2025-06-14,06:01 PM,eBird - Traveling Count,137,1,4.754,,2
S293438784,Loggerhead Shrike,Lanius ludovicianus,21091,2,US-FL,Palm Beach,L17096221,Royal Palm Post Office Retention Pond,26.6833175,-80.2079212,2026-01-10,08:17 AM,eBird - Traveling Count,35,1,.716,,2,,,,648695165
S246151798,Loggerhead Shrike,Lanius ludovicianus,21091,2,US-FL,Palm Beach,L1023544,Wellington Environmental Preserve,26.6293528,-80.3059387,2025-04-26,05:53 PM,eBird - Traveling Count,26,1,2.456,,2
S285625770,Loggerhead Shrike,Lanius ludovicianus,21091,1,US-FL,Palm Beach,L1023544,Wellington Environmental Preserve,26.6293528,-80.3059387,2025-11-22,11:22 AM,eBird - Traveling Count,108,1,1.852,,2
S209900589,Blue Jay,Cyanocitta cristata,21294,1,US-FL,Collier,L662521,Lowdermilk Park Beach,26.1630071,-81.8102932,2025-01-19,10:19 AM,eBird - Traveling Count,35,1,1.609,,2,,,,629420641 629420697
S287036530,Blue Jay,Cyanocitta cristata,21294,1,US-FL,Palm Beach,L870652,Boynton Beach Inlet Park,26.5446541,-80.0426102,2025-12-02,07:13 AM,eBird - Traveling Count,57,1,.607,,2
S239995555,Blue Jay,Cyanocitta cristata,21294,1,US-FL,Palm Beach,L2824594,Florida Atlantic University Ecological Site,26.377813,-80.1047301,2025-05-18,06:44 PM,eBird - Traveling Count,68,1,.933,,2
S208206321,Blue Jay,Cyanocitta cristata,21294,1,US-FL,Palm Beach,L246929,Green Cay Wetlands & Nature Center,26.4861584,-80.1607561,2025-01-05,03:13 PM,eBird - Traveling Count,165,1,1.605,,2,,,,628631679
S212516841,Blue Jay,Cyanocitta cristata,21294,5,US-FL,Palm Beach,L246929,Green Cay Wetlands & Nature Center,26.4861584,-80.1607561,2025-02-08,03:40 PM,eBird - Traveling Count,183,1,1.899,,2,,,,630427132
S295249336,Blue Jay,Cyanocitta cristata,21294,1,US-FL,Palm Beach,L246929,Green Cay Wetlands & Nature Center,26.4861584,-80.1607561,2026-01-19,03:40 PM,eBird - Traveling Count,126,1,1.37,,2
S317316734,Blue Jay,Cyanocitta cristata,21294,1,US-FL,Palm Beach,L246929,Green Cay Wetlands & Nature Center,26.4861584,-80.1607561,2026-04-05,08:53 AM,eBird - Traveling Count,93,1,1.207,,2
S208893235,Blue Jay,Cyanocitta cristata,21294,1,US-FL,Palm Beach,L127408,Loxahatchee NWR,26.4986442,-80.2246141,2025-01-11,12:03 PM,eBird - Traveling Count,194,1,2.489,,2,,,also checked on drive out to Bedner's,628952030
S209090098,Blue Jay,Cyanocitta cristata,21294,X,US-FL,Palm Beach,L127408,Loxahatchee NWR,26.4986442,-80.2246141,2025-01-12,03:39 PM,eBird - Traveling Count,143,1,2.229,,2,,,,629010011
S224704037,Blue Jay,Cyanocitta cristata,21294,1,US-FL,Palm Beach,L127408,Loxahatchee NWR,26.4986442,-80.2246141,2025-04-11,05:07 PM,eBird - Traveling Count,168,1,6.697,,2
S215126133,Blue Jay,Cyanocitta cristata,21294,1,US-FL,Palm Beach,L635288,Loxahatchee NWR--Marsh Trail,26.4928139,-80.2168894,2025-02-23,02:55 PM,eBird - Traveling Count,193,1,6.954,,2
S278064862,Blue Jay,Cyanocitta cristata,21294,1,US-FL,Palm Beach,L635288,Loxahatchee NWR--Marsh Trail,26.4928139,-80.2168894,2025-10-08,05:10 PM,eBird - Traveling Count,115,1,1.389,,2
S293531388,Blue Jay,Cyanocitta cristata,21294,1,US-FL,Palm Beach,L635288,Loxahatchee NWR--Marsh Trail,26.4928139,-80.2168894,2026-01-10,02:47 PM,eBird - Traveling Count,36,1,.995,,2
S303034767,Blue Jay,Cyanocitta cristata,21294,2,US-FL,Palm Beach,L635288,Loxahatchee NWR--Marsh Trail,26.4928139,-80.2168894,2026-02-22,07:53 AM,eBird - Traveling Count,177,1,2.553,,2,,,,651484650
S283477696,Blue Jay,Cyanocitta cristata,21294,2,US-FL,Palm Beach,L685923,Loxahatchee NWR--Visitor Center,26.4991985,-80.2124357,2025-11-08,08:06 AM,eBird - Traveling Count,95,1,2.282,,2
S278943265,Blue Jay,Cyanocitta cristata,21294,1,US-FL,Palm Beach,L7920142,Orchard View Park,26.436809,-80.113609,2025-10-12,09:46 AM,eBird - Traveling Count,133,1,.589,,2
S280309430,Blue Jay,Cyanocitta cristata,21294,2,US-FL,Palm Beach,L7920142,Orchard View Park,26.436809,-80.113609,2025-10-19,08:04 AM,eBird - Traveling Count,129,1,.51,,2
S280417048,Blue Jay,Cyanocitta cristata,21294,3,US-FL,Palm Beach,L7920142,Orchard View Park,26.436809,-80.113609,2025-10-19,08:11 AM,eBird - Traveling Count,126,1,.47,,16
S293474276,Blue Jay,Cyanocitta cristata,21294,1,US-FL,Palm Beach,L17950366,Paul Rardin Park,26.7492128,-80.6823063,2026-01-10,09:49 AM,eBird - Traveling Count,74,1,.307,,2
S217107385,Blue Jay,Cyanocitta cristata,21294,1,US-FL,Palm Beach,L1017638,Peaceful Waters Sanctuary,26.631443,-80.2332294,2025-03-07,03:36 PM,eBird - Traveling Count,169,1,4.097,,2
S284602086,Blue Jay,Cyanocitta cristata,21294,1,US-FL,Palm Beach,L1017638,Peaceful Waters Sanctuary,26.631443,-80.2332294,2025-11-15,09:31 AM,eBird - Traveling Count,191,1,1.742,,2
S293438784,Blue Jay,Cyanocitta cristata,21294,1,US-FL,Palm Beach,L17096221,Royal Palm Post Office Retention Pond,26.6833175,-80.2079212,2026-01-10,08:17 AM,eBird - Traveling Count,35,1,.716,,2
S318087261,Blue Jay,Cyanocitta cristata,21294,1,US-FL,Palm Beach,L143084,Wakodahatchee Wetlands,26.4781984,-80.144738,2026-04-06,05:21 PM,eBird - Traveling Count,100,1,.897,,2
S246151798,Blue Jay,Cyanocitta cristata,21294,1,US-FL,Palm Beach,L1023544,Wellington Environmental Preserve,26.6293528,-80.3059387,2025-04-26,05:53 PM,eBird - Traveling Count,26,1,2.456,,2
S285625770,Blue Jay,Cyanocitta cristata,21294,2,US-FL,Palm Beach,L1023544,Wellington Environmental Preserve,26.6293528,-80.3059387,2025-11-22,11:22 AM,eBird - Traveling Count,108,1,1.852,,2
S308702120,Eurasian Magpie,Pica pica,21467,X,GB-NIR,Belfast,L60129682,Belfast,54.598731,-5.924185,2026-03-13,,eBird - Casual Observation,,0,,,1,,,,653993571
S254749815,Eurasian Magpie,Pica pica,21467,4,GR-I,Central Athens,L3001052,Ακρόπολη Αθηνών (Acropolis of Athens),37.9715746,23.7257418,2025-06-28,11:10 AM,eBird - Traveling Count,19,0,.498,,2
S311788197,Eurasian Magpie,Pica pica,21467,2,IE-L,Dublin,L1000689,St. Stephen's Green,53.3378434,-6.2589455,2026-03-22,09:34 AM,eBird - Traveling Count,11,0,.191,,2,,,,654181827
S218809796,Eurasian Magpie,Pica pica,21467,X,GB-ENG,London,L41274450,Green Park,51.503735,-.143144,2025-03-16,,eBird - Casual Observation,,0,,,1,,,,649416053
S309363566,Eurasian Jackdaw,Coloeus monedula,21514,10,GB-NIR,Antrim,L1123515,Giant's Causeway,55.2409208,-6.5116096,2026-03-15,10:42 AM,eBird - Traveling Count,37,0,1.083,,1,,,,653992714
S310325579,Eurasian Jackdaw,Coloeus monedula,21514,10,IE-M,Kerry,L1274158,Slea Head (Ceann Sléibhe),52.0982394,-10.4552024,2026-03-18,01:16 PM,eBird - Traveling Count,154,0,9.252,,2,,,,653993140
S312674100,Rook,Corvus frugilegus,21554,5,IE-M,Cork,L17754994,Kinsale Harbour,51.7044427,-8.5194294,2026-03-19,,Historical,,0,,,,,,,653993727
S209900589,American Crow,Corvus brachyrhynchos,21557,3,US-FL,Collier,L662521,Lowdermilk Park Beach,26.1630071,-81.8102932,2025-01-19,10:19 AM,eBird - Traveling Count,35,1,1.609,,2,,,,629420733 629420734
S296202238,Fish Crow,Corvus ossifragus,21570,1,US-FL,Palm Beach,L870652,Boynton Beach Inlet Park,26.5446541,-80.0426102,2026-01-25,09:36 AM,eBird - Traveling Count,37,1,.596,,2,,,,649604497
S300869847,Fish Crow,Corvus ossifragus,21570,20,US-FL,Palm Beach,L36267176,Lotus Palm,26.375345,-80.174207,2026-02-15,09:07 AM,eBird - Stationary Count,10,1,,,2,,,,651005732
S302403212,Fish Crow,Corvus ossifragus,21570,6,US-FL,Palm Beach,L36267176,Lotus Palm,26.375345,-80.174207,2026-02-20,08:37 AM,eBird - Stationary Count,50,1,,,2
S224704037,Fish Crow,Corvus ossifragus,21570,2,US-FL,Palm Beach,L127408,Loxahatchee NWR,26.4986442,-80.2246141,2025-04-11,05:07 PM,eBird - Traveling Count,168,1,6.697,,2
S278943265,Fish Crow,Corvus ossifragus,21570,1,US-FL,Palm Beach,L7920142,Orchard View Park,26.436809,-80.113609,2025-10-12,09:46 AM,eBird - Traveling Count,133,1,.589,,2
S280309430,Fish Crow,Corvus ossifragus,21570,3,US-FL,Palm Beach,L7920142,Orchard View Park,26.436809,-80.113609,2025-10-19,08:04 AM,eBird - Traveling Count,129,1,.51,,2
S280417048,Fish Crow,Corvus ossifragus,21570,3,US-FL,Palm Beach,L7920142,Orchard View Park,26.436809,-80.113609,2025-10-19,08:11 AM,eBird - Traveling Count,126,1,.47,,16
S293474276,Fish Crow,Corvus ossifragus,21570,2,US-FL,Palm Beach,L17950366,Paul Rardin Park,26.7492128,-80.6823063,2026-01-10,09:49 AM,eBird - Traveling Count,74,1,.307,,2
S217107385,Fish Crow,Corvus ossifragus,21570,1,US-FL,Palm Beach,L1017638,Peaceful Waters Sanctuary,26.631443,-80.2332294,2025-03-07,03:36 PM,eBird - Traveling Count,169,1,4.097,,2
S308303563,Carrion Crow,Corvus corone,21575,1,GB-ENG,London,L12106872,Bethnal Green NR,51.5296166,-.0581845,2026-03-11,03:47 PM,eBird - Traveling Count,20,1,.132,,2
S218809384,Carrion Crow,Corvus corone,21575,X,GB-ENG,London,L41274450,Green Park,51.503735,-.143144,2025-03-16,11:26 AM,eBird - Casual Observation,,0,,,1,,,,649415664
S310325579,Hooded Crow,Corvus cornix,21578,10,IE-M,Kerry,L1274158,Slea Head (Ceann Sléibhe),52.0982394,-10.4552024,2026-03-18,01:16 PM,eBird - Traveling Count,154,0,9.252,,2,,,,653993332
S255852631,Hooded Crow,Corvus cornix,21578,X,GR-L,Mykonos,L48858607,Mykonos Town,37.445366,25.327263,2025-07-01,,eBird - Casual Observation,,0,,,1
S257115484,Hooded Crow,Corvus cornix,21578,5,GR-L,Mykonos,L36630684,Παραλία Μερχιάς (Merchias beach),37.47112,25.42858,2025-07-05,04:27 PM,eBird - Stationary Count,12,1,,,2
S241325829,Carolina Chickadee,Poecile carolinensis,22060,X,US-MD,Anne Arundel,L45683322,Dean St,38.977449,-76.495352,2025-05-22,,eBird - Casual Observation,,0,,,1,,,,649414685
S311788197,Eurasian Blue Tit,Cyanistes caeruleus,22114,3,IE-L,Dublin,L1000689,St. Stephen's Green,53.3378434,-6.2589455,2026-03-22,09:34 AM,eBird - Traveling Count,11,0,.191,,2,,,,654181888 654181889
S308303563,Eurasian Blue Tit,Cyanistes caeruleus,22114,2,GB-ENG,London,L12106872,Bethnal Green NR,51.5296166,-.0581845,2026-03-11,03:47 PM,eBird - Traveling Count,20,1,.132,,2
S218810391,Great Tit,Parus major,22175,X,GB-ENG,London,L41274450,Green Park,51.503735,-.143144,2025-03-16,,eBird - Casual Observation,,0,,,1,,,,649415785
S350908315,Verdin,Auriparus flaviceps,22269,1,US-AZ,Maricopa,L210015,Desert Botanical Garden,33.4618165,-111.9436349,2026-06-01,06:49 AM,eBird - Traveling Count,177,1,1.145,,8,,,,659058476 659058486 659058494
S352790290,Verdin,Auriparus flaviceps,22269,1,US-AZ,Maricopa,L999878,Northsight Park,33.6122247,-111.8988848,2026-06-05,06:44 AM,eBird - Traveling Count,101,1,.399,,2
S353361204,Verdin,Auriparus flaviceps,22269,3,US-AZ,Maricopa,L144858,Riparian Preserve at Gilbert Water Ranch,33.3614502,-111.7339478,2026-06-06,06:52 AM,eBird - Traveling Count,92,1,.812,,2
S317316734,Purple Martin,Progne subis,24081,30,US-FL,Palm Beach,L246929,Green Cay Wetlands & Nature Center,26.4861584,-80.1607561,2026-04-05,08:53 AM,eBird - Traveling Count,93,1,1.207,,2
S217107385,Purple Martin,Progne subis,24081,10,US-FL,Palm Beach,L1017638,Peaceful Waters Sanctuary,26.631443,-80.2332294,2025-03-07,03:36 PM,eBird - Traveling Count,169,1,4.097,,2,,,,649391665
S318087261,Purple Martin,Progne subis,24081,10,US-FL,Palm Beach,L143084,Wakodahatchee Wetlands,26.4781984,-80.144738,2026-04-06,05:21 PM,eBird - Traveling Count,100,1,.897,,2
S246151798,Purple Martin,Progne subis,24081,10,US-FL,Palm Beach,L1023544,Wellington Environmental Preserve,26.6293528,-80.3059387,2025-04-26,05:53 PM,eBird - Traveling Count,26,1,2.456,,2
S271795129,Caribbean Martin,Progne dominicensis,24088,X,PR-SJ,,L52503929,Del Morro,18.47054,-66.123969,2025-08-30,03:01 PM,eBird - Casual Observation,,0,,,1
S285580884,Northern Rough-winged Swallow,Stelgidopteryx serripennis,24106,20,US-FL,Palm Beach,L4478244,Sem-Chi Rice Road (Does Not Include Atlantic Sugar Mill),26.6668727,-80.4574621,2025-11-22,08:19 AM,eBird - Traveling Count,71,1,5.109,,2,,,,645672264
S288977241,Blue-and-white Swallow,Pygochelidon cyanoleuca,24128,X,PE-LIM,,L56059603,Center Of Lima,-12.04448,-77.027043,2025-12-17,,eBird - Casual Observation,,0,,,1,,,,647122892 647122893 647122894
S290636415,Blue-and-white Swallow,Pygochelidon cyanoleuca,24128,10,PE-CUS,,L1004819,Santuario Historico Machu Picchu--Machu Picchu Ruinas (Valqui B3.2),-13.163607,-72.546165,2025-12-27,02:15 PM,eBird - Traveling Count,171,1,.44,,2
S385853974,Barn Swallow,Hirundo rustica,24187,10,US-FL,Palm Beach,L364884,Duda Farms - PRIVATE PROPERTY (Access via AE Trips Only),26.6485226,-80.6388446,2026-08-22,06:59 AM,eBird - Traveling Count,393,0,26.807,,2,,,,663528148
S379122707,Barn Swallow,Hirundo rustica,24187,3,US-FL,Palm Beach,L4795535,Gladeview Rd.,26.6661316,-80.492734,2026-08-02,07:45 AM,eBird - Traveling Count,44,1,1.012,,2,,,,662354419 662354420 662354421 662354422 662354423
S281324584,Ruby-crowned Kinglet,Corthylio calendula,26844,1,US-OH,Cuyahoga,L618902,Cleveland Lakefront Nature Preserve,41.5445933,-81.6327095,2025-10-25,02:48 PM,eBird - Traveling Count,92,1,1.105,,2,,,,649414261
S303034767,Ruby-crowned Kinglet,Corthylio calendula,26844,1,US-FL,Palm Beach,L635288,Loxahatchee NWR--Marsh Trail,26.4928139,-80.2168894,2026-02-22,07:53 AM,eBird - Traveling Count,177,1,2.553,,2,,,,651484624
S293474276,Ruby-crowned Kinglet,Corthylio calendula,26844,1,US-FL,Palm Beach,L17950366,Paul Rardin Park,26.7492128,-80.6823063,2026-01-10,09:49 AM,eBird - Traveling Count,74,1,.307,,2
S311788197,Goldcrest,Regulus regulus,26856,1,IE-L,Dublin,L1000689,St. Stephen's Green,53.3378434,-6.2589455,2026-03-22,09:34 AM,eBird - Traveling Count,11,0,.191,,2,,,,654182160 654182161
S212516841,Blue-gray Gnatcatcher,Polioptila caerulea,27123,1,US-FL,Palm Beach,L246929,Green Cay Wetlands & Nature Center,26.4861584,-80.1607561,2025-02-08,03:40 PM,eBird - Traveling Count,183,1,1.899,,2,,,,630427187
S209090098,Blue-gray Gnatcatcher,Polioptila caerulea,27123,1,US-FL,Palm Beach,L127408,Loxahatchee NWR,26.4986442,-80.2246141,2025-01-12,03:39 PM,eBird - Traveling Count,143,1,2.229,,2,,,,629010112 629010113 629010114 629010115 629010116 629010117 629010118
S210840161,Blue-gray Gnatcatcher,Polioptila caerulea,27123,1,US-FL,Palm Beach,L635288,Loxahatchee NWR--Marsh Trail,26.4928139,-80.2168894,2025-01-26,03:08 PM,eBird - Traveling Count,184,1,2.069,,2,,,,629738667 629738720
S293531388,Blue-gray Gnatcatcher,Polioptila caerulea,27123,1,US-FL,Palm Beach,L635288,Loxahatchee NWR--Marsh Trail,26.4928139,-80.2168894,2026-01-10,02:47 PM,eBird - Traveling Count,36,1,.995,,2,,,,648751077
S303034767,Blue-gray Gnatcatcher,Polioptila caerulea,27123,1,US-FL,Palm Beach,L635288,Loxahatchee NWR--Marsh Trail,26.4928139,-80.2168894,2026-02-22,07:53 AM,eBird - Traveling Count,177,1,2.553,,2
S283477696,Blue-gray Gnatcatcher,Polioptila caerulea,27123,1,US-FL,Palm Beach,L685923,Loxahatchee NWR--Visitor Center,26.4991985,-80.2124357,2025-11-08,08:06 AM,eBird - Traveling Count,95,1,2.282,,2
S278943265,Blue-gray Gnatcatcher,Polioptila caerulea,27123,1,US-FL,Palm Beach,L7920142,Orchard View Park,26.436809,-80.113609,2025-10-12,09:46 AM,eBird - Traveling Count,133,1,.589,,2,,,,643773731
S280309430,Blue-gray Gnatcatcher,Polioptila caerulea,27123,1,US-FL,Palm Beach,L7920142,Orchard View Park,26.436809,-80.113609,2025-10-19,08:04 AM,eBird - Traveling Count,129,1,.51,,2,,,,649333013
S280417048,Blue-gray Gnatcatcher,Polioptila caerulea,27123,8,US-FL,Palm Beach,L7920142,Orchard View Park,26.436809,-80.113609,2025-10-19,08:11 AM,eBird - Traveling Count,126,1,.47,,16
S284602086,Blue-gray Gnatcatcher,Polioptila caerulea,27123,2,US-FL,Palm Beach,L1017638,Peaceful Waters Sanctuary,26.631443,-80.2332294,2025-11-15,09:31 AM,eBird - Traveling Count,191,1,1.742,,2
S285580884,Blue-gray Gnatcatcher,Polioptila caerulea,27123,1,US-FL,Palm Beach,L4478244,Sem-Chi Rice Road (Does Not Include Atlantic Sugar Mill),26.6668727,-80.4574621,2025-11-22,08:19 AM,eBird - Traveling Count,71,1,5.109,,2
S210783263,Blue-gray Gnatcatcher,Polioptila caerulea,27123,1,US-FL,Palm Beach,L127416,Spanish River Park,26.3829,-80.0692,2025-01-26,10:30 AM,eBird - Traveling Count,152,1,2.072,,2
S285625770,Blue-gray Gnatcatcher,Polioptila caerulea,27123,2,US-FL,Palm Beach,L1023544,Wellington Environmental Preserve,26.6293528,-80.3059387,2025-11-22,11:22 AM,eBird - Traveling Count,108,1,1.852,,2
S303034767,Northern House Wren,Troglodytes aedon,27191,1,US-FL,Palm Beach,L635288,Loxahatchee NWR--Marsh Trail,26.4928139,-80.2168894,2026-02-22,07:53 AM,eBird - Traveling Count,177,1,2.553,,2,,,,651484278
S288731385,Southern House Wren,Troglodytes musculus,27209,2,PE-LIM,,L24387723,Refugio de Vida Silvestre Los Pantanos de Villa--Entrada,-12.2119372,-76.9902818,2025-12-15,10:47 AM,eBird - Traveling Count,91,1,.354,,3,,,,648543693 648543694
S291161388,Southern House Wren,Troglodytes musculus,27209,1,PE-CUS,,L11989150,Santuario de Colibríes--Ensifera Camp,-13.2569681,-72.1739531,2025-12-30,06:32 AM,eBird - Traveling Count,103,1,.21,,2,,,,648238914
S311788197,Eurasian Wren,Troglodytes troglodytes,27258,1,IE-L,Dublin,L1000689,St. Stephen's Green,53.3378434,-6.2589455,2026-03-22,09:34 AM,eBird - Traveling Count,11,0,.191,,2,,,,654181577 654181578 654181579
S350908315,Cactus Wren,Campylorhynchus brunneicapillus,27412,5,US-AZ,Maricopa,L210015,Desert Botanical Garden,33.4618165,-111.9436349,2026-06-01,06:49 AM,eBird - Traveling Count,177,1,1.145,,8,,,,659057506
S339534844,Cactus Wren,Campylorhynchus brunneicapillus,27412,X,US-AZ,Maricopa,L66219320,Mayo Clinic,33.659673,-111.955882,2026-05-15,12:56 PM,eBird - Casual Observation,,0,,,1
S339560753,Cactus Wren,Campylorhynchus brunneicapillus,27412,1,US-AZ,Maricopa,L66219320,Mayo Clinic,33.659673,-111.955882,2026-05-15,01:11 PM,eBird - Stationary Count,37,1,,,3,,,,657586580 657586581 657586582
S340512989,Cactus Wren,Campylorhynchus brunneicapillus,27412,2,US-AZ,Maricopa,L66211621,Mayo Clinic,33.660292,-111.957061,2026-05-16,05:19 PM,eBird - Traveling Count,11,1,.435,,2,,,,657664281 657664282 657664283
S341905570,Cactus Wren,Campylorhynchus brunneicapillus,27412,1,US-AZ,Maricopa,L66211621,Mayo Clinic,33.660292,-111.957061,2026-05-18,12:28 PM,eBird - Casual Observation,,0,,,2
S290636415,Inca Wren,Pheugopedius eisenmanni,27455,1,PE-CUS,,L1004819,Santuario Historico Machu Picchu--Machu Picchu Ruinas (Valqui B3.2),-13.163607,-72.546165,2025-12-27,02:15 PM,eBird - Traveling Count,171,1,.44,,2,,,,648362321
S309363566,European Starling,Sturnus vulgaris,27813,10,GB-NIR,Antrim,L1123515,Giant's Causeway,55.2409208,-6.5116096,2026-03-15,10:42 AM,eBird - Traveling Count,37,0,1.083,,1,,,,653992643
S210096916,European Starling,Sturnus vulgaris,27813,X,US-FL,Collier,L39591071,"Downtown Naples, FL",26.1403414,-81.8032212,2025-01-20,11:58 AM,eBird - Stationary Count,10,1,,,2,,,,629421958
S219774471,European Starling,Sturnus vulgaris,27813,X,GB-ENG,London,L41464107,Borough Market,51.505831,-.091164,2025-03-21,02:51 PM,eBird - Casual Observation,,0,,,1
S350908315,European Starling,Sturnus vulgaris,27813,1,US-AZ,Maricopa,L210015,Desert Botanical Garden,33.4618165,-111.9436349,2026-06-01,06:49 AM,eBird - Traveling Count,177,1,1.145,,8,,,,659057627
S352790290,European Starling,Sturnus vulgaris,27813,8,US-AZ,Maricopa,L999878,Northsight Park,33.6122247,-111.8988848,2026-06-05,06:44 AM,eBird - Traveling Count,101,1,.399,,2
S353361204,European Starling,Sturnus vulgaris,27813,1,US-AZ,Maricopa,L144858,Riparian Preserve at Gilbert Water Ranch,33.3614502,-111.7339478,2026-06-06,06:52 AM,eBird - Traveling Count,92,1,.812,,2
S210790006,European Starling,Sturnus vulgaris,27813,8,US-FL,Palm Beach,L39730707,"3007 W Yamato Rd, Boca Raton US-FL 26.39699, -80.14767",26.39699,-80.147673,2025-01-26,01:26 PM,eBird - Traveling Count,14,1,.511,,2,,,Stopped for gas. Saw ducks!
S229761681,European Starling,Sturnus vulgaris,27813,1,US-FL,Palm Beach,L22198774,Atlantic Sugar Mill,26.629057,-80.46935,2025-04-26,03:41 PM,eBird - Traveling Count,101,1,9.341,,1
S287036530,European Starling,Sturnus vulgaris,27813,1,US-FL,Palm Beach,L870652,Boynton Beach Inlet Park,26.5446541,-80.0426102,2025-12-02,07:13 AM,eBird - Traveling Count,57,1,.607,,2,,,,649389550
S296186763,European Starling,Sturnus vulgaris,27813,6,US-FL,Palm Beach,L6666238,Gulfstream Park,26.504624,-80.0528347,2026-01-25,08:21 AM,eBird - Traveling Count,58,1,.51,,2,,,,649602815 649602816
S302403212,European Starling,Sturnus vulgaris,27813,1,US-FL,Palm Beach,L36267176,Lotus Palm,26.375345,-80.174207,2026-02-20,08:37 AM,eBird - Stationary Count,50,1,,,2
S224704037,European Starling,Sturnus vulgaris,27813,1,US-FL,Palm Beach,L127408,Loxahatchee NWR,26.4986442,-80.2246141,2025-04-11,05:07 PM,eBird - Traveling Count,168,1,6.697,,2
S303034767,European Starling,Sturnus vulgaris,27813,2,US-FL,Palm Beach,L635288,Loxahatchee NWR--Marsh Trail,26.4928139,-80.2168894,2026-02-22,07:53 AM,eBird - Traveling Count,177,1,2.553,,2
S278943265,European Starling,Sturnus vulgaris,27813,5,US-FL,Palm Beach,L7920142,Orchard View Park,26.436809,-80.113609,2025-10-12,09:46 AM,eBird - Traveling Count,133,1,.589,,2
S293491692,Common Myna,Acridotheres tristis,27859,3,US-FL,Palm Beach,L10672121,Winn-Dixie Plaza,26.673724,-80.671824,2026-01-10,11:50 AM,eBird - Traveling Count,27,1,.715,,2,,,,648751522
S234549649,Gray Catbird,Dumetella carolinensis,28000,X,US-NY,New York,L44381450,Bryant Park,40.754071,-73.984687,2025-05-08,08:53 AM,eBird - Casual Observation,,0,,,1
S212516841,Gray Catbird,Dumetella carolinensis,28000,1,US-FL,Palm Beach,L246929,Green Cay Wetlands & Nature Center,26.4861584,-80.1607561,2025-02-08,03:40 PM,eBird - Traveling Count,183,1,1.899,,2,,,,630432808
S224704037,Gray Catbird,Dumetella carolinensis,28000,1,US-FL,Palm Beach,L127408,Loxahatchee NWR,26.4986442,-80.2246141,2025-04-11,05:07 PM,eBird - Traveling Count,168,1,6.697,,2
S210840161,Gray Catbird,Dumetella carolinensis,28000,1,US-FL,Palm Beach,L635288,Loxahatchee NWR--Marsh Trail,26.4928139,-80.2168894,2025-01-26,03:08 PM,eBird - Traveling Count,184,1,2.069,,2,,,,629738596
S215126133,Gray Catbird,Dumetella carolinensis,28000,1,US-FL,Palm Beach,L635288,Loxahatchee NWR--Marsh Trail,26.4928139,-80.2168894,2025-02-23,02:55 PM,eBird - Traveling Count,193,1,6.954,,2
S293531388,Gray Catbird,Dumetella carolinensis,28000,1,US-FL,Palm Beach,L635288,Loxahatchee NWR--Marsh Trail,26.4928139,-80.2168894,2026-01-10,02:47 PM,eBird - Traveling Count,36,1,.995,,2,,,,649247770
S278943265,Gray Catbird,Dumetella carolinensis,28000,1,US-FL,Palm Beach,L7920142,Orchard View Park,26.436809,-80.113609,2025-10-12,09:46 AM,eBird - Traveling Count,133,1,.589,,2
S210783263,Gray Catbird,Dumetella carolinensis,28000,1,US-FL,Palm Beach,L127416,Spanish River Park,26.3829,-80.0692,2025-01-26,10:30 AM,eBird - Traveling Count,152,1,2.072,,2
S301164021,Gray Catbird,Dumetella carolinensis,28000,1,US-FL,Palm Beach,L127416,Spanish River Park,26.3829,-80.0692,2026-02-15,04:35 PM,eBird - Traveling Count,93,1,1.548,,2,,,,651005788
S350908315,Curve-billed Thrasher,Toxostoma curvirostre,28024,1,US-AZ,Maricopa,L210015,Desert Botanical Garden,33.4618165,-111.9436349,2026-06-01,06:49 AM,eBird - Traveling Count,177,1,1.145,,8,,,,659057622
S338960784,Curve-billed Thrasher,Toxostoma curvirostre,28024,X,US-AZ,Maricopa,L66211621,Mayo Clinic,33.660292,-111.957061,2026-05-14,,eBird - Casual Observation,,0,,,1,,,,657534190 657534191
S339560753,Curve-billed Thrasher,Toxostoma curvirostre,28024,2,US-AZ,Maricopa,L66219320,Mayo Clinic,33.659673,-111.955882,2026-05-15,01:11 PM,eBird - Stationary Count,37,1,,,3,,,,657586651 657586652
S352775485,Curve-billed Thrasher,Toxostoma curvirostre,28024,X,US-AZ,Maricopa,L69057340,North site Park,33.614113,-111.899121,2026-06-05,07:53 AM,eBird - Casual Observation,,0,,,1
S352790290,Curve-billed Thrasher,Toxostoma curvirostre,28024,1,US-AZ,Maricopa,L999878,Northsight Park,33.6122247,-111.8988848,2026-06-05,06:44 AM,eBird - Traveling Count,101,1,.399,,2
S353361204,Curve-billed Thrasher,Toxostoma curvirostre,28024,3,US-AZ,Maricopa,L144858,Riparian Preserve at Gilbert Water Ranch,33.3614502,-111.7339478,2026-06-06,06:52 AM,eBird - Traveling Count,92,1,.812,,2
S278943265,Brown Thrasher,Toxostoma rufum,28037,1,US-FL,Palm Beach,L7920142,Orchard View Park,26.436809,-80.113609,2025-10-12,09:46 AM,eBird - Traveling Count,133,1,.589,,2,,,,649332928
S288607894,Long-tailed Mockingbird,Mimus longicaudatus,28095,1,PE-LIM,,L55952052,Barranco,-12.148151,-77.022237,2025-12-14,01:31 PM,eBird - Traveling Count,78,1,.881,,2
S288467880,Long-tailed Mockingbird,Mimus longicaudatus,28095,X,PE-LIM,,L55950862,Miraflores,-12.135411,-77.025001,2025-12-13,05:19 PM,eBird - Casual Observation,,0,,,1,,,,646905702
S340512989,Northern Mockingbird,Mimus polyglottos,28114,1,US-AZ,Maricopa,L66211621,Mayo Clinic,33.660292,-111.957061,2026-05-16,05:19 PM,eBird - Traveling Count,11,1,.435,,2,,,,657664299
S352790290,Northern Mockingbird,Mimus polyglottos,28114,3,US-AZ,Maricopa,L999878,Northsight Park,33.6122247,-111.8988848,2026-06-05,06:44 AM,eBird - Traveling Count,101,1,.399,,2
S229627342,Northern Mockingbird,Mimus polyglottos,28114,1,US-FL,Palm Beach,L43470952,"8075 SR-7 S, Boynton Beach US-FL 26.55595, -80.20636",26.555947,-80.206356,2025-04-26,11:49 AM,eBird - Casual Observation,,0,,,1
S229761681,Northern Mockingbird,Mimus polyglottos,28114,1,US-FL,Palm Beach,L22198774,Atlantic Sugar Mill,26.629057,-80.46935,2025-04-26,03:41 PM,eBird - Traveling Count,101,1,9.341,,1
S296047912,Northern Mockingbird,Mimus polyglottos,28114,1,US-FL,Palm Beach,L57610483,Bushel Stop,26.453063,-80.1816,2026-01-24,03:08 PM,eBird - Traveling Count,9,1,.161,,2
S208206321,Northern Mockingbird,Mimus polyglottos,28114,1,US-FL,Palm Beach,L246929,Green Cay Wetlands & Nature Center,26.4861584,-80.1607561,2025-01-05,03:13 PM,eBird - Traveling Count,165,1,1.605,,2,,,,628631633
S296186763,Northern Mockingbird,Mimus polyglottos,28114,1,US-FL,Palm Beach,L6666238,Gulfstream Park,26.504624,-80.0528347,2026-01-25,08:21 AM,eBird - Traveling Count,58,1,.51,,2
S220501780,Northern Mockingbird,Mimus polyglottos,28114,X,US-FL,Palm Beach,L36267176,Lotus Palm,26.375345,-80.174207,2025-03-24,12:22 PM,eBird - Casual Observation,,0,,,1
S208893235,Northern Mockingbird,Mimus polyglottos,28114,1,US-FL,Palm Beach,L127408,Loxahatchee NWR,26.4986442,-80.2246141,2025-01-11,12:03 PM,eBird - Traveling Count,194,1,2.489,,2,,,also checked on drive out to Bedner's,628980901
S209090098,Northern Mockingbird,Mimus polyglottos,28114,2,US-FL,Palm Beach,L127408,Loxahatchee NWR,26.4986442,-80.2246141,2025-01-12,03:39 PM,eBird - Traveling Count,143,1,2.229,,2,,,,629009424
S224704037,Northern Mockingbird,Mimus polyglottos,28114,1,US-FL,Palm Beach,L127408,Loxahatchee NWR,26.4986442,-80.2246141,2025-04-11,05:07 PM,eBird - Traveling Count,168,1,6.697,,2
S210840161,Northern Mockingbird,Mimus polyglottos,28114,4,US-FL,Palm Beach,L635288,Loxahatchee NWR--Marsh Trail,26.4928139,-80.2168894,2025-01-26,03:08 PM,eBird - Traveling Count,184,1,2.069,,2
S215126133,Northern Mockingbird,Mimus polyglottos,28114,1,US-FL,Palm Beach,L635288,Loxahatchee NWR--Marsh Trail,26.4928139,-80.2168894,2025-02-23,02:55 PM,eBird - Traveling Count,193,1,6.954,,2
S278064862,Northern Mockingbird,Mimus polyglottos,28114,1,US-FL,Palm Beach,L635288,Loxahatchee NWR--Marsh Trail,26.4928139,-80.2168894,2025-10-08,05:10 PM,eBird - Traveling Count,115,1,1.389,,2
S303034767,Northern Mockingbird,Mimus polyglottos,28114,1,US-FL,Palm Beach,L635288,Loxahatchee NWR--Marsh Trail,26.4928139,-80.2168894,2026-02-22,07:53 AM,eBird - Traveling Count,177,1,2.553,,2
S278943265,Northern Mockingbird,Mimus polyglottos,28114,1,US-FL,Palm Beach,L7920142,Orchard View Park,26.436809,-80.113609,2025-10-12,09:46 AM,eBird - Traveling Count,133,1,.589,,2
S280309430,Northern Mockingbird,Mimus polyglottos,28114,2,US-FL,Palm Beach,L7920142,Orchard View Park,26.436809,-80.113609,2025-10-19,08:04 AM,eBird - Traveling Count,129,1,.51,,2
S280417048,Northern Mockingbird,Mimus polyglottos,28114,8,US-FL,Palm Beach,L7920142,Orchard View Park,26.436809,-80.113609,2025-10-19,08:11 AM,eBird - Traveling Count,126,1,.47,,16
S293474276,Northern Mockingbird,Mimus polyglottos,28114,3,US-FL,Palm Beach,L17950366,Paul Rardin Park,26.7492128,-80.6823063,2026-01-10,09:49 AM,eBird - Traveling Count,74,1,.307,,2
S217107385,Northern Mockingbird,Mimus polyglottos,28114,1,US-FL,Palm Beach,L1017638,Peaceful Waters Sanctuary,26.631443,-80.2332294,2025-03-07,03:36 PM,eBird - Traveling Count,169,1,4.097,,2
S284602086,Northern Mockingbird,Mimus polyglottos,28114,1,US-FL,Palm Beach,L1017638,Peaceful Waters Sanctuary,26.631443,-80.2332294,2025-11-15,09:31 AM,eBird - Traveling Count,191,1,1.742,,2
S250400839,Northern Mockingbird,Mimus polyglottos,28114,1,US-FL,Palm Beach,L2685255,Pine Glades Natural Area,26.9416978,-80.257144,2025-06-14,06:01 PM,eBird - Traveling Count,137,1,4.754,,2
S293438784,Northern Mockingbird,Mimus polyglottos,28114,4,US-FL,Palm Beach,L17096221,Royal Palm Post Office Retention Pond,26.6833175,-80.2079212,2026-01-10,08:17 AM,eBird - Traveling Count,35,1,.716,,2
S285580884,Northern Mockingbird,Mimus polyglottos,28114,2,US-FL,Palm Beach,L4478244,Sem-Chi Rice Road (Does Not Include Atlantic Sugar Mill),26.6668727,-80.4574621,2025-11-22,08:19 AM,eBird - Traveling Count,71,1,5.109,,2
S210783263,Northern Mockingbird,Mimus polyglottos,28114,1,US-FL,Palm Beach,L127416,Spanish River Park,26.3829,-80.0692,2025-01-26,10:30 AM,eBird - Traveling Count,152,1,2.072,,2
S246151798,Northern Mockingbird,Mimus polyglottos,28114,1,US-FL,Palm Beach,L1023544,Wellington Environmental Preserve,26.6293528,-80.3059387,2025-04-26,05:53 PM,eBird - Traveling Count,26,1,2.456,,2
S285625770,Northern Mockingbird,Mimus polyglottos,28114,4,US-FL,Palm Beach,L1023544,Wellington Environmental Preserve,26.6293528,-80.3059387,2025-11-22,11:22 AM,eBird - Traveling Count,108,1,1.852,,2
S281324584,Hermit Thrush,Catharus guttatus,28333,1,US-OH,Cuyahoga,L618902,Cleveland Lakefront Nature Preserve,41.5445933,-81.6327095,2025-10-25,02:48 PM,eBird - Traveling Count,92,1,1.105,,2,,,,649414196
S234547002,Hermit Thrush,Catharus guttatus,28333,X,US-NY,New York,L44380986,Bryant Park,40.753318,-73.983431,2025-05-08,08:45 AM,eBird - Casual Observation,,0,,,1
S311788197,Mistle Thrush,Turdus viscivorus,28429,1,IE-L,Dublin,L1000689,St. Stephen's Green,53.3378434,-6.2589455,2026-03-22,09:34 AM,eBird - Traveling Count,11,0,.191,,2,,,,654180916 654180917
S255688435,Eurasian Blackbird,Turdus merula,28500,X,GR-I,Central Athens,L48823275,Athens,37.983647,23.72844,2025-06-30,10:11 PM,eBird - Casual Observation,,0,,,1
S312673001,Eurasian Blackbird,Turdus merula,28500,2,IE-M,Kerry,L1274158,Slea Head (Ceann Sléibhe),52.0982394,-10.4552024,2026-03-17,01:00 PM,eBird - Traveling Count,300,0,48.28,,2,,,,653860420 653860421
S270664440,Eastern Red-legged Thrush,Turdus ardosiaceus,28627,1,PR-RG,,L323802,Bosque Nacional El Yunque--Portal del Yunque,18.3392677,-65.7613605,2025-08-31,09:27 AM,eBird - Traveling Count,192,1,22.948,,3,,,,641433700
S241221052,American Robin,Turdus migratorius,28633,X,US-MD,Anne Arundel,L45660631,Naval Academy,38.983065,-76.489765,2025-05-22,,eBird - Casual Observation,,0,,,1
S281324584,American Robin,Turdus migratorius,28633,3,US-OH,Cuyahoga,L618902,Cleveland Lakefront Nature Preserve,41.5445933,-81.6327095,2025-10-25,02:48 PM,eBird - Traveling Count,92,1,1.105,,2
S210840161,American Robin,Turdus migratorius,28633,1,US-FL,Palm Beach,L635288,Loxahatchee NWR--Marsh Trail,26.4928139,-80.2168894,2025-01-26,03:08 PM,eBird - Traveling Count,184,1,2.069,,2,,,,629738479
S357433970,American Robin,Turdus migratorius,28633,X,US-MA,Suffolk,L70135175,Mfa,42.34,-71.095925,2026-06-14,02:12 PM,eBird - Casual Observation,,0,,,1
S290995950,Great Thrush,Turdus fuscater,28677,3,PE-CUS,,L56519534,El Alberque Hotel,-13.262395,-72.270609,2025-12-29,08:50 AM,eBird - Traveling Count,51,1,.183,,2
S289875877,Great Thrush,Turdus fuscater,28677,X,PE-CUS,,L56255286,Hotel Monastery,-13.515331,-71.976781,2025-12-23,,eBird - Casual Observation,,0,,,1,,,,648362044 648546849 648546850
S291473773,Chiguanco Thrush,Turdus chiguanco,28686,2,PE-CUS,,L9132151,Centro Arqueológico de Chinchero,-13.3894526,-72.0462584,2025-12-31,04:30 PM,eBird - Traveling Count,39,1,.649,,3,,,,648241700
S311788197,European Robin,Erithacus rubecula,29253,2,IE-L,Dublin,L1000689,St. Stephen's Green,53.3378434,-6.2589455,2026-03-22,09:34 AM,eBird - Traveling Count,11,0,.191,,2,,,,654181298 654181299 654181300 654181302
S310325579,European Robin,Erithacus rubecula,29253,5,IE-M,Kerry,L1274158,Slea Head (Ceann Sléibhe),52.0982394,-10.4552024,2026-03-18,01:16 PM,eBird - Traveling Count,154,0,9.252,,2,,,,653993274
S308303563,European Robin,Erithacus rubecula,29253,1,GB-ENG,London,L12106872,Bethnal Green NR,51.5296166,-.0581845,2026-03-11,03:47 PM,eBird - Traveling Count,20,1,.132,,2
S310325579,European Stonechat,Saxicola rubicola,29673,2,IE-M,Kerry,L1274158,Slea Head (Ceann Sléibhe),52.0982394,-10.4552024,2026-03-18,01:16 PM,eBird - Traveling Count,154,0,9.252,,2,,,,653993263
S350908315,Phainopepla,Phainopepla nitens,29909,1,US-AZ,Maricopa,L210015,Desert Botanical Garden,33.4618165,-111.9436349,2026-06-01,06:49 AM,eBird - Traveling Count,177,1,1.145,,8,,,,659056925
S309363566,House Sparrow,Passer domesticus,31534,3,GB-NIR,Antrim,L1123515,Giant's Causeway,55.2409208,-6.5116096,2026-03-15,10:42 AM,eBird - Traveling Count,37,0,1.083,,1,,,,653992564
S210096916,House Sparrow,Passer domesticus,31534,X,US-FL,Collier,L39591071,"Downtown Naples, FL",26.1403414,-81.8032212,2025-01-20,11:58 AM,eBird - Stationary Count,10,1,,,2,,,,629421985 629422109
S350908315,House Sparrow,Passer domesticus,31534,2,US-AZ,Maricopa,L210015,Desert Botanical Garden,33.4618165,-111.9436349,2026-06-01,06:49 AM,eBird - Traveling Count,177,1,1.145,,8
S339560753,House Sparrow,Passer domesticus,31534,8,US-AZ,Maricopa,L66219320,Mayo Clinic,33.659673,-111.955882,2026-05-15,01:11 PM,eBird - Stationary Count,37,1,,,3,,,,657664617 657664618
S352790290,House Sparrow,Passer domesticus,31534,10,US-AZ,Maricopa,L999878,Northsight Park,33.6122247,-111.8988848,2026-06-05,06:44 AM,eBird - Traveling Count,101,1,.399,,2
S353361204,House Sparrow,Passer domesticus,31534,20,US-AZ,Maricopa,L144858,Riparian Preserve at Gilbert Water Ranch,33.3614502,-111.7339478,2026-06-06,06:52 AM,eBird - Traveling Count,92,1,.812,,2
S254115558,House Sparrow,Passer domesticus,31534,X,US-MA,Middlesex,L48464717,Aloft,42.298142,-71.396968,2025-06-25,07:13 PM,eBird - Casual Observation,,0,,,1
S253458864,House Sparrow,Passer domesticus,31534,X,US-MA,Middlesex,L48314780,Shoppers World,42.303876,-71.396167,2025-06-23,12:24 PM,eBird - Casual Observation,,0,,,1
S255852631,House Sparrow,Passer domesticus,31534,1,GR-L,Mykonos,L48858607,Mykonos Town,37.445366,25.327263,2025-07-01,,eBird - Casual Observation,,0,,,1,,sitting on the roof of one of the windmills,,638328631
S257115484,House Sparrow,Passer domesticus,31534,2,GR-L,Mykonos,L36630684,Παραλία Μερχιάς (Merchias beach),37.47112,25.42858,2025-07-05,04:27 PM,eBird - Stationary Count,12,1,,,2
S229614320,House Sparrow,Passer domesticus,31534,1,US-FL,Palm Beach,L43468271,"12440 SR-7 N, Boynton Beach US-FL 26.49211, -80.20382",26.492114,-80.203816,2025-04-26,11:09 AM,eBird - Traveling Count,16,1,.908,,1
S208916363,House Sparrow,Passer domesticus,31534,X,US-FL,Palm Beach,L39350795,Mission Plaza,26.371581,-80.204998,2025-01-11,05:35 PM,eBird - Casual Observation,,0,,,1
S293491692,House Sparrow,Passer domesticus,31534,2,US-FL,Palm Beach,L10672121,Winn-Dixie Plaza,26.673724,-80.671824,2026-01-10,11:50 AM,eBird - Traveling Count,27,1,.715,,2,,,,648752236
S308702120,White Wagtail,Motacilla alba,31720,1,GB-NIR,Belfast,L60129682,Belfast,54.598731,-5.924185,2026-03-13,,eBird - Casual Observation,,0,,,1,,,,653993546
S309084194,White Wagtail,Motacilla alba,31720,2,GB-NIR,Belfast,L60208887,Titanic,54.608212,-5.909529,2026-03-14,03:29 PM,eBird - Casual Observation,,0,,,1,,,,654183022
S310325579,White Wagtail,Motacilla alba,31720,1,IE-M,Kerry,L1274158,Slea Head (Ceann Sléibhe),52.0982394,-10.4552024,2026-03-18,01:16 PM,eBird - Traveling Count,154,0,9.252,,2
S290534438,Thick-billed Euphonia,Euphonia laniirostris,32033,X,PE-CUS,,L1811275,Inkaterra Machu Picchu Pueblo Hotel,-13.1576666,-72.5224949,2025-12-27,10:31 AM,eBird - Casual Observation,,0,,,1,,,,648362251
S290741191,Thick-billed Euphonia,Euphonia laniirostris,32033,20,PE-CUS,,L1811275,Inkaterra Machu Picchu Pueblo Hotel,-13.1576666,-72.5224949,2025-12-28,06:28 AM,eBird - Traveling Count,106,1,.425,,7,,,,648482441 648482442 648482443
S241594957,House Finch,Haemorhous mexicanus,32310,X,US-MD,Anne Arundel,L45737641,Naval Academy,38.984154,-76.50722,2025-05-23,,eBird - Casual Observation,,0,,,1,,,,649415024
S350908315,House Finch,Haemorhous mexicanus,32310,6,US-AZ,Maricopa,L210015,Desert Botanical Garden,33.4618165,-111.9436349,2026-06-01,06:49 AM,eBird - Traveling Count,177,1,1.145,,8,,,,659058253 659058254
S338554327,House Finch,Haemorhous mexicanus,32310,2,US-AZ,Maricopa,L66127954,Eric and Deb’s,33.602171,-111.790297,2026-05-13,07:12 PM,eBird - Stationary Count,15,1,,,2,,,,657534024
S352790290,House Finch,Haemorhous mexicanus,32310,1,US-AZ,Maricopa,L999878,Northsight Park,33.6122247,-111.8988848,2026-06-05,06:44 AM,eBird - Traveling Count,101,1,.399,,2
S353361204,House Finch,Haemorhous mexicanus,32310,4,US-AZ,Maricopa,L144858,Riparian Preserve at Gilbert Water Ranch,33.3614502,-111.7339478,2026-06-06,06:52 AM,eBird - Traveling Count,92,1,.812,,2
S350908315,Lesser Goldfinch,Spinus psaltria,32609,7,US-AZ,Maricopa,L210015,Desert Botanical Garden,33.4618165,-111.9436349,2026-06-01,06:49 AM,eBird - Traveling Count,177,1,1.145,,8,,,,659057268 659058155 659058156 659058157
S290995950,Hooded Siskin,Spinus magellanicus,32638,1,PE-CUS,,L56519534,El Alberque Hotel,-13.262395,-72.270609,2025-12-29,08:50 AM,eBird - Traveling Count,51,1,.183,,2,,,,648242761
S281324584,Chipping Sparrow,Spizella passerina,32990,1,US-OH,Cuyahoga,L618902,Cleveland Lakefront Nature Preserve,41.5445933,-81.6327095,2025-10-25,02:48 PM,eBird - Traveling Count,92,1,1.105,,2,,,,649414147
S234923811,American Tree Sparrow,Spizelloides arborea,33095,X,US-NY,New York,L44380986,Bryant Park,40.753318,-73.983431,2025-05-09,08:26 AM,eBird - Casual Observation,,0,,,1
S281324584,Dark-eyed Junco,Junco hyemalis,33124,1,US-OH,Cuyahoga,L618902,Cleveland Lakefront Nature Preserve,41.5445933,-81.6327095,2025-10-25,02:48 PM,eBird - Traveling Count,92,1,1.105,,2,,,,649414077
S288982912,Rufous-collared Sparrow,Zonotrichia capensis,33158,X,PE-LIM,,L56059603,Center Of Lima,-12.04448,-77.027043,2025-12-17,,eBird - Casual Observation,,0,,,1,,,,647122999
S291473773,Rufous-collared Sparrow,Zonotrichia capensis,33158,7,PE-CUS,,L9132151,Centro Arqueológico de Chinchero,-13.3894526,-72.0462584,2025-12-31,04:30 PM,eBird - Traveling Count,39,1,.649,,3
S290995950,Rufous-collared Sparrow,Zonotrichia capensis,33158,4,PE-CUS,,L56519534,El Alberque Hotel,-13.262395,-72.270609,2025-12-29,08:50 AM,eBird - Traveling Count,51,1,.183,,2
S290636415,Rufous-collared Sparrow,Zonotrichia capensis,33158,5,PE-CUS,,L1004819,Santuario Historico Machu Picchu--Machu Picchu Ruinas (Valqui B3.2),-13.163607,-72.546165,2025-12-27,02:15 PM,eBird - Traveling Count,171,1,.44,,2
S291161388,Rufous-collared Sparrow,Zonotrichia capensis,33158,5,PE-CUS,,L11989150,Santuario de Colibríes--Ensifera Camp,-13.2569681,-72.1739531,2025-12-30,06:32 AM,eBird - Traveling Count,103,1,.21,,2,,,,648239652
S291416031,Rufous-collared Sparrow,Zonotrichia capensis,33158,5,PE-CUS,,L2026362,Sitio Arqueológico Moray,-13.3300784,-72.1971703,2025-12-31,12:02 PM,eBird - Casual Observation,,0,,,3
S281324584,White-throated Sparrow,Zonotrichia albicollis,33201,1,US-OH,Cuyahoga,L618902,Cleveland Lakefront Nature Preserve,41.5445933,-81.6327095,2025-10-25,02:48 PM,eBird - Traveling Count,92,1,1.105,,2,,,,649414304
S234548345,White-throated Sparrow,Zonotrichia albicollis,33201,X,US-NY,New York,L44380986,Bryant Park,40.753318,-73.983431,2025-05-08,08:50 AM,eBird - Casual Observation,,0,,,1
S281324584,Song Sparrow,Melospiza melodia,33277,5,US-OH,Cuyahoga,L618902,Cleveland Lakefront Nature Preserve,41.5445933,-81.6327095,2025-10-25,02:48 PM,eBird - Traveling Count,92,1,1.105,,2,,,,649414384
S352790290,Abert's Towhee,Melozone aberti,33344,1,US-AZ,Maricopa,L999878,Northsight Park,33.6122247,-111.8988848,2026-06-05,06:44 AM,eBird - Traveling Count,101,1,.399,,2
S250400839,Eastern Meadowlark,Sturnella magna,33568,1,US-FL,Palm Beach,L2685255,Pine Glades Natural Area,26.9416978,-80.257144,2025-06-14,06:01 PM,eBird - Traveling Count,137,1,4.754,,2,,,,649332899
S270664440,Puerto Rican Oriole,Icterus portoricensis,33668,1,PR-RG,,L323802,Bosque Nacional El Yunque--Portal del Yunque,18.3392677,-65.7613605,2025-08-31,09:27 AM,eBird - Traveling Count,192,1,22.948,,3,,,,641433697
S281324584,Red-winged Blackbird,Agelaius phoeniceus,33779,30,US-OH,Cuyahoga,L618902,Cleveland Lakefront Nature Preserve,41.5445933,-81.6327095,2025-10-25,02:48 PM,eBird - Traveling Count,92,1,1.105,,2
S229761681,Red-winged Blackbird,Agelaius phoeniceus,33779,1,US-FL,Palm Beach,L22198774,Atlantic Sugar Mill,26.629057,-80.46935,2025-04-26,03:41 PM,eBird - Traveling Count,101,1,9.341,,1
S385853974,Red-winged Blackbird,Agelaius phoeniceus,33779,5,US-FL,Palm Beach,L364884,Duda Farms - PRIVATE PROPERTY (Access via AE Trips Only),26.6485226,-80.6388446,2026-08-22,06:59 AM,eBird - Traveling Count,393,0,26.807,,2
S379122707,Red-winged Blackbird,Agelaius phoeniceus,33779,75,US-FL,Palm Beach,L4795535,Gladeview Rd.,26.6661316,-80.492734,2026-08-02,07:45 AM,eBird - Traveling Count,44,1,1.012,,2
S208206321,Red-winged Blackbird,Agelaius phoeniceus,33779,1,US-FL,Palm Beach,L246929,Green Cay Wetlands & Nature Center,26.4861584,-80.1607561,2025-01-05,03:13 PM,eBird - Traveling Count,165,1,1.605,,2,,,,628631872
S212516841,Red-winged Blackbird,Agelaius phoeniceus,33779,3,US-FL,Palm Beach,L246929,Green Cay Wetlands & Nature Center,26.4861584,-80.1607561,2025-02-08,03:40 PM,eBird - Traveling Count,183,1,1.899,,2,,,,630435039 630435041 630435044 630435047 630435048 630435049
S295249336,Red-winged Blackbird,Agelaius phoeniceus,33779,20,US-FL,Palm Beach,L246929,Green Cay Wetlands & Nature Center,26.4861584,-80.1607561,2026-01-19,03:40 PM,eBird - Traveling Count,126,1,1.37,,2,,,,649247285
S317316734,Red-winged Blackbird,Agelaius phoeniceus,33779,5,US-FL,Palm Beach,L246929,Green Cay Wetlands & Nature Center,26.4861584,-80.1607561,2026-04-05,08:53 AM,eBird - Traveling Count,93,1,1.207,,2
S300869847,Red-winged Blackbird,Agelaius phoeniceus,33779,1,US-FL,Palm Beach,L36267176,Lotus Palm,26.375345,-80.174207,2026-02-15,09:07 AM,eBird - Stationary Count,10,1,,,2
S302683075,Red-winged Blackbird,Agelaius phoeniceus,33779,1,US-FL,Palm Beach,L36267176,Lotus Palm,26.375345,-80.174207,2026-02-21,09:12 AM,eBird - Stationary Count,7,1,,,2
S208893235,Red-winged Blackbird,Agelaius phoeniceus,33779,3,US-FL,Palm Beach,L127408,Loxahatchee NWR,26.4986442,-80.2246141,2025-01-11,12:03 PM,eBird - Traveling Count,194,1,2.489,,2,,,also checked on drive out to Bedner's,628952044
S224704037,Red-winged Blackbird,Agelaius phoeniceus,33779,1,US-FL,Palm Beach,L127408,Loxahatchee NWR,26.4986442,-80.2246141,2025-04-11,05:07 PM,eBird - Traveling Count,168,1,6.697,,2
S215126133,Red-winged Blackbird,Agelaius phoeniceus,33779,1,US-FL,Palm Beach,L635288,Loxahatchee NWR--Marsh Trail,26.4928139,-80.2168894,2025-02-23,02:55 PM,eBird - Traveling Count,193,1,6.954,,2
S303034767,Red-winged Blackbird,Agelaius phoeniceus,33779,1,US-FL,Palm Beach,L635288,Loxahatchee NWR--Marsh Trail,26.4928139,-80.2168894,2026-02-22,07:53 AM,eBird - Traveling Count,177,1,2.553,,2
S217107385,Red-winged Blackbird,Agelaius phoeniceus,33779,1,US-FL,Palm Beach,L1017638,Peaceful Waters Sanctuary,26.631443,-80.2332294,2025-03-07,03:36 PM,eBird - Traveling Count,169,1,4.097,,2
S284602086,Red-winged Blackbird,Agelaius phoeniceus,33779,9,US-FL,Palm Beach,L1017638,Peaceful Waters Sanctuary,26.631443,-80.2332294,2025-11-15,09:31 AM,eBird - Traveling Count,191,1,1.742,,2
S250400839,Red-winged Blackbird,Agelaius phoeniceus,33779,2,US-FL,Palm Beach,L2685255,Pine Glades Natural Area,26.9416978,-80.257144,2025-06-14,06:01 PM,eBird - Traveling Count,137,1,4.754,,2
S318087261,Red-winged Blackbird,Agelaius phoeniceus,33779,1,US-FL,Palm Beach,L143084,Wakodahatchee Wetlands,26.4781984,-80.144738,2026-04-06,05:21 PM,eBird - Traveling Count,100,1,.897,,2
S352790290,Bronzed Cowbird,Molothrus aeneus,33826,3,US-AZ,Maricopa,L999878,Northsight Park,33.6122247,-111.8988848,2026-06-05,06:44 AM,eBird - Traveling Count,101,1,.399,,2
S352790290,Brown-headed Cowbird,Molothrus ater,33833,1,US-AZ,Maricopa,L999878,Northsight Park,33.6122247,-111.8988848,2026-06-05,06:44 AM,eBird - Traveling Count,101,1,.399,,2
S353361204,Brown-headed Cowbird,Molothrus ater,33833,1,US-AZ,Maricopa,L144858,Riparian Preserve at Gilbert Water Ranch,33.3614502,-111.7339478,2026-06-06,06:52 AM,eBird - Traveling Count,92,1,.812,,2
S288607894,Scrub Blackbird,Dives warczewiczi,33844,1,PE-LIM,,L55952052,Barranco,-12.148151,-77.022237,2025-12-14,01:31 PM,eBird - Traveling Count,78,1,.881,,2,,,,648543660
S288619792,Scrub Blackbird,Dives warczewiczi,33844,X,PE-LIM,,L55984614,Barranco,-12.143914,-77.023922,2025-12-14,03:51 PM,eBird - Casual Observation,,0,,,1
S254116625,Common Grackle,Quiscalus quiscula,33853,X,US-MA,Middlesex,L48464989,Aloft,42.297527,-71.398312,2025-06-25,07:19 PM,eBird - Casual Observation,,0,,,1
S229614320,Common Grackle,Quiscalus quiscula,33853,4,US-FL,Palm Beach,L43468271,"12440 SR-7 N, Boynton Beach US-FL 26.49211, -80.20382",26.492114,-80.203816,2025-04-26,11:09 AM,eBird - Traveling Count,16,1,.908,,1
S379122707,Common Grackle,Quiscalus quiscula,33853,50,US-FL,Palm Beach,L4795535,Gladeview Rd.,26.6661316,-80.492734,2026-08-02,07:45 AM,eBird - Traveling Count,44,1,1.012,,2
S212516841,Common Grackle,Quiscalus quiscula,33853,2,US-FL,Palm Beach,L246929,Green Cay Wetlands & Nature Center,26.4861584,-80.1607561,2025-02-08,03:40 PM,eBird - Traveling Count,183,1,1.899,,2,,,,630426303
S317316734,Common Grackle,Quiscalus quiscula,33853,2,US-FL,Palm Beach,L246929,Green Cay Wetlands & Nature Center,26.4861584,-80.1607561,2026-04-05,08:53 AM,eBird - Traveling Count,93,1,1.207,,2
S304220603,Common Grackle,Quiscalus quiscula,33853,2,US-FL,Palm Beach,L36267176,Lotus Palm,26.375345,-80.174207,2026-02-27,08:04 AM,eBird - Stationary Count,5,1,,,1
S303034767,Common Grackle,Quiscalus quiscula,33853,1,US-FL,Palm Beach,L635288,Loxahatchee NWR--Marsh Trail,26.4928139,-80.2168894,2026-02-22,07:53 AM,eBird - Traveling Count,177,1,2.553,,2,,,,651484160
S280417048,Common Grackle,Quiscalus quiscula,33853,1,US-FL,Palm Beach,L7920142,Orchard View Park,26.436809,-80.113609,2025-10-19,08:11 AM,eBird - Traveling Count,126,1,.47,,16
S284602086,Common Grackle,Quiscalus quiscula,33853,1,US-FL,Palm Beach,L1017638,Peaceful Waters Sanctuary,26.631443,-80.2332294,2025-11-15,09:31 AM,eBird - Traveling Count,191,1,1.742,,2
S209641160,Boat-tailed Grackle,Quiscalus major,33858,20,US-FL,Broward,L9493424,Everglades and Francis S. Taylor WMA--MM32,26.146886,-80.5713701,2025-01-17,02:19 PM,eBird - Traveling Count,63,1,.713,,2,,,,629271707
S229614320,Boat-tailed Grackle,Quiscalus major,33858,2,US-FL,Palm Beach,L43468271,"12440 SR-7 N, Boynton Beach US-FL 26.49211, -80.20382",26.492114,-80.203816,2025-04-26,11:09 AM,eBird - Traveling Count,16,1,.908,,1
S210790006,Boat-tailed Grackle,Quiscalus major,33858,1,US-FL,Palm Beach,L39730707,"3007 W Yamato Rd, Boca Raton US-FL 26.39699, -80.14767",26.39699,-80.147673,2025-01-26,01:26 PM,eBird - Traveling Count,14,1,.511,,2,,,Stopped for gas. Saw ducks!
S287036530,Boat-tailed Grackle,Quiscalus major,33858,12,US-FL,Palm Beach,L870652,Boynton Beach Inlet Park,26.5446541,-80.0426102,2025-12-02,07:13 AM,eBird - Traveling Count,57,1,.607,,2
S296202238,Boat-tailed Grackle,Quiscalus major,33858,40,US-FL,Palm Beach,L870652,Boynton Beach Inlet Park,26.5446541,-80.0426102,2026-01-25,09:36 AM,eBird - Traveling Count,37,1,.596,,2,,,,649602604
S379122707,Boat-tailed Grackle,Quiscalus major,33858,50,US-FL,Palm Beach,L4795535,Gladeview Rd.,26.6661316,-80.492734,2026-08-02,07:45 AM,eBird - Traveling Count,44,1,1.012,,2
S208206321,Boat-tailed Grackle,Quiscalus major,33858,7,US-FL,Palm Beach,L246929,Green Cay Wetlands & Nature Center,26.4861584,-80.1607561,2025-01-05,03:13 PM,eBird - Traveling Count,165,1,1.605,,2,,,,628631919 628631920
S212516841,Boat-tailed Grackle,Quiscalus major,33858,1,US-FL,Palm Beach,L246929,Green Cay Wetlands & Nature Center,26.4861584,-80.1607561,2025-02-08,03:40 PM,eBird - Traveling Count,183,1,1.899,,2
S295249336,Boat-tailed Grackle,Quiscalus major,33858,4,US-FL,Palm Beach,L246929,Green Cay Wetlands & Nature Center,26.4861584,-80.1607561,2026-01-19,03:40 PM,eBird - Traveling Count,126,1,1.37,,2
S317316734,Boat-tailed Grackle,Quiscalus major,33858,8,US-FL,Palm Beach,L246929,Green Cay Wetlands & Nature Center,26.4861584,-80.1607561,2026-04-05,08:53 AM,eBird - Traveling Count,93,1,1.207,,2
S296186763,Boat-tailed Grackle,Quiscalus major,33858,13,US-FL,Palm Beach,L6666238,Gulfstream Park,26.504624,-80.0528347,2026-01-25,08:21 AM,eBird - Traveling Count,58,1,.51,,2
S209378913,Boat-tailed Grackle,Quiscalus major,33858,1,US-FL,Palm Beach,L36267176,Lotus Palm,26.375345,-80.174207,2025-01-15,08:49 AM,eBird - Stationary Count,6,1,,,2
S212170885,Boat-tailed Grackle,Quiscalus major,33858,1,US-FL,Palm Beach,L36267176,Lotus Palm,26.375345,-80.174207,2025-02-06,08:38 AM,eBird - Casual Observation,,0,,,1
S212660271,Boat-tailed Grackle,Quiscalus major,33858,1,US-FL,Palm Beach,L36267176,Lotus Palm,26.375345,-80.174207,2025-02-09,03:02 PM,eBird - Traveling Count,10,1,.805,,2
S216501223,Boat-tailed Grackle,Quiscalus major,33858,5,US-FL,Palm Beach,L36267176,Lotus Palm,26.375345,-80.174207,2025-03-03,05:17 PM,eBird - Stationary Count,5,1,,,2
S300869847,Boat-tailed Grackle,Quiscalus major,33858,3,US-FL,Palm Beach,L36267176,Lotus Palm,26.375345,-80.174207,2026-02-15,09:07 AM,eBird - Stationary Count,10,1,,,2
S302403212,Boat-tailed Grackle,Quiscalus major,33858,1,US-FL,Palm Beach,L36267176,Lotus Palm,26.375345,-80.174207,2026-02-20,08:37 AM,eBird - Stationary Count,50,1,,,2
S304220603,Boat-tailed Grackle,Quiscalus major,33858,1,US-FL,Palm Beach,L36267176,Lotus Palm,26.375345,-80.174207,2026-02-27,08:04 AM,eBird - Stationary Count,5,1,,,1
S208893235,Boat-tailed Grackle,Quiscalus major,33858,5,US-FL,Palm Beach,L127408,Loxahatchee NWR,26.4986442,-80.2246141,2025-01-11,12:03 PM,eBird - Traveling Count,194,1,2.489,,2,,,also checked on drive out to Bedner's
S209090098,Boat-tailed Grackle,Quiscalus major,33858,X,US-FL,Palm Beach,L127408,Loxahatchee NWR,26.4986442,-80.2246141,2025-01-12,03:39 PM,eBird - Traveling Count,143,1,2.229,,2,,,,629009882
S224704037,Boat-tailed Grackle,Quiscalus major,33858,1,US-FL,Palm Beach,L127408,Loxahatchee NWR,26.4986442,-80.2246141,2025-04-11,05:07 PM,eBird - Traveling Count,168,1,6.697,,2
S210840161,Boat-tailed Grackle,Quiscalus major,33858,1,US-FL,Palm Beach,L635288,Loxahatchee NWR--Marsh Trail,26.4928139,-80.2168894,2025-01-26,03:08 PM,eBird - Traveling Count,184,1,2.069,,2
S215126133,Boat-tailed Grackle,Quiscalus major,33858,52,US-FL,Palm Beach,L635288,Loxahatchee NWR--Marsh Trail,26.4928139,-80.2168894,2025-02-23,02:55 PM,eBird - Traveling Count,193,1,6.954,,2,,All over bedners begging for food.
S278064862,Boat-tailed Grackle,Quiscalus major,33858,15,US-FL,Palm Beach,L635288,Loxahatchee NWR--Marsh Trail,26.4928139,-80.2168894,2025-10-08,05:10 PM,eBird - Traveling Count,115,1,1.389,,2
S303034767,Boat-tailed Grackle,Quiscalus major,33858,20,US-FL,Palm Beach,L635288,Loxahatchee NWR--Marsh Trail,26.4928139,-80.2168894,2026-02-22,07:53 AM,eBird - Traveling Count,177,1,2.553,,2
S283477696,Boat-tailed Grackle,Quiscalus major,33858,1,US-FL,Palm Beach,L685923,Loxahatchee NWR--Visitor Center,26.4991985,-80.2124357,2025-11-08,08:06 AM,eBird - Traveling Count,95,1,2.282,,2
S278943265,Boat-tailed Grackle,Quiscalus major,33858,1,US-FL,Palm Beach,L7920142,Orchard View Park,26.436809,-80.113609,2025-10-12,09:46 AM,eBird - Traveling Count,133,1,.589,,2
S280417048,Boat-tailed Grackle,Quiscalus major,33858,4,US-FL,Palm Beach,L7920142,Orchard View Park,26.436809,-80.113609,2025-10-19,08:11 AM,eBird - Traveling Count,126,1,.47,,16
S286786804,Boat-tailed Grackle,Quiscalus major,33858,2,US-FL,Palm Beach,L17950366,Paul Rardin Park,26.7492128,-80.6823063,2025-11-30,07:56 AM,eBird - Traveling Count,78,1,.173,,2
S293474276,Boat-tailed Grackle,Quiscalus major,33858,10,US-FL,Palm Beach,L17950366,Paul Rardin Park,26.7492128,-80.6823063,2026-01-10,09:49 AM,eBird - Traveling Count,74,1,.307,,2
S217107385,Boat-tailed Grackle,Quiscalus major,33858,1,US-FL,Palm Beach,L1017638,Peaceful Waters Sanctuary,26.631443,-80.2332294,2025-03-07,03:36 PM,eBird - Traveling Count,169,1,4.097,,2
S284602086,Boat-tailed Grackle,Quiscalus major,33858,6,US-FL,Palm Beach,L1017638,Peaceful Waters Sanctuary,26.631443,-80.2332294,2025-11-15,09:31 AM,eBird - Traveling Count,191,1,1.742,,2
S250400839,Boat-tailed Grackle,Quiscalus major,33858,3,US-FL,Palm Beach,L2685255,Pine Glades Natural Area,26.9416978,-80.257144,2025-06-14,06:01 PM,eBird - Traveling Count,137,1,4.754,,2
S293438784,Boat-tailed Grackle,Quiscalus major,33858,20,US-FL,Palm Beach,L17096221,Royal Palm Post Office Retention Pond,26.6833175,-80.2079212,2026-01-10,08:17 AM,eBird - Traveling Count,35,1,.716,,2
S285580884,Boat-tailed Grackle,Quiscalus major,33858,10,US-FL,Palm Beach,L4478244,Sem-Chi Rice Road (Does Not Include Atlantic Sugar Mill),26.6668727,-80.4574621,2025-11-22,08:19 AM,eBird - Traveling Count,71,1,5.109,,2
S285599889,Boat-tailed Grackle,Quiscalus major,33858,1,US-FL,Palm Beach,L1027913,Stormwater Treatment Area 1E - Public Use Area,26.6836236,-80.3512144,2025-11-22,10:33 AM,eBird - Traveling Count,22,1,.385,,2
S207115735,Boat-tailed Grackle,Quiscalus major,33858,1,US-FL,Palm Beach,L143084,Wakodahatchee Wetlands,26.4781984,-80.144738,2024-12-29,03:35 PM,eBird - Traveling Count,120,1,.807,,2
S318087261,Boat-tailed Grackle,Quiscalus major,33858,6,US-FL,Palm Beach,L143084,Wakodahatchee Wetlands,26.4781984,-80.144738,2026-04-06,05:21 PM,eBird - Traveling Count,100,1,.897,,2
S320230158,Boat-tailed Grackle,Quiscalus major,33858,1,US-FL,Palm Beach,L143084,Wakodahatchee Wetlands,26.4781984,-80.144738,2026-04-11,02:02 PM,eBird - Traveling Count,35,0,.298,,2
S246151798,Boat-tailed Grackle,Quiscalus major,33858,3,US-FL,Palm Beach,L1023544,Wellington Environmental Preserve,26.6293528,-80.3059387,2025-04-26,05:53 PM,eBird - Traveling Count,26,1,2.456,,2
S285625770,Boat-tailed Grackle,Quiscalus major,33858,5,US-FL,Palm Beach,L1023544,Wellington Environmental Preserve,26.6293528,-80.3059387,2025-11-22,11:22 AM,eBird - Traveling Count,108,1,1.852,,2
S293491692,Boat-tailed Grackle,Quiscalus major,33858,20,US-FL,Palm Beach,L10672121,Winn-Dixie Plaza,26.673724,-80.671824,2026-01-10,11:50 AM,eBird - Traveling Count,27,1,.715,,2,,,,648752232
S339560753,Great-tailed Grackle,Quiscalus mexicanus,33864,1,US-AZ,Maricopa,L66219320,Mayo Clinic,33.659673,-111.955882,2026-05-15,01:11 PM,eBird - Stationary Count,37,1,,,3,,,,657586635 657586636 657586637
S352790290,Great-tailed Grackle,Quiscalus mexicanus,33864,1,US-AZ,Maricopa,L999878,Northsight Park,33.6122247,-111.8988848,2026-06-05,06:44 AM,eBird - Traveling Count,101,1,.399,,2
S353361204,Great-tailed Grackle,Quiscalus mexicanus,33864,8,US-AZ,Maricopa,L144858,Riparian Preserve at Gilbert Water Ranch,33.3614502,-111.7339478,2026-06-06,06:52 AM,eBird - Traveling Count,92,1,.812,,2
S270664440,Greater Antillean Grackle,Quiscalus niger,33881,6,PR-RG,,L323802,Bosque Nacional El Yunque--Portal del Yunque,18.3392677,-65.7613605,2025-08-31,09:27 AM,eBird - Traveling Count,192,1,22.948,,3,,,,641434292
S289410575,Yellow-winged Blackbird,Agelasticus thilius,33931,8,PE-PUN,,L612156,Lago Titicaca--Islas Uros,-15.818522,-69.9690056,2025-12-20,04:35 PM,eBird - Traveling Count,18,1,.078,,1
S289320598,Yellow-winged Blackbird,Agelasticus thilius,33931,2,PE-PUN,,L14866984,Lago Titicaca--Yanico,-15.7163426,-70.0248771,2025-12-20,08:01 AM,eBird - Traveling Count,116,1,2.249,,2,,,,648542474 648542475 648542476 648542748 648543065
S289229247,Yellow-winged Blackbird,Agelasticus thilius,33931,X,PE-PUN,,L56112994,Puno Pier,-15.835777,-70.01497,2025-12-19,,eBird - Casual Observation,,0,,,1,,,,648543410
S289229821,Yellow-winged Blackbird,Agelasticus thilius,33931,X,PE-PUN,,L56113157,Puno Pier,-15.834966,-70.015507,2025-12-19,,eBird - Casual Observation,,0,,,1
S208893235,Black-and-white Warbler,Mniotilta varia,33962,1,US-FL,Palm Beach,L127408,Loxahatchee NWR,26.4986442,-80.2246141,2025-01-11,12:03 PM,eBird - Traveling Count,194,1,2.489,,2,,,also checked on drive out to Bedner's,628981404 628981405 628981406 628981407 628981408 628981409 628981410
S209090098,Black-and-white Warbler,Mniotilta varia,33962,1,US-FL,Palm Beach,L127408,Loxahatchee NWR,26.4986442,-80.2246141,2025-01-12,03:39 PM,eBird - Traveling Count,143,1,2.229,,2,,,,629008404
S293531388,Black-and-white Warbler,Mniotilta varia,33962,1,US-FL,Palm Beach,L635288,Loxahatchee NWR--Marsh Trail,26.4928139,-80.2168894,2026-01-10,02:47 PM,eBird - Traveling Count,36,1,.995,,2,,,,649298690
S283477696,Black-and-white Warbler,Mniotilta varia,33962,1,US-FL,Palm Beach,L685923,Loxahatchee NWR--Visitor Center,26.4991985,-80.2124357,2025-11-08,08:06 AM,eBird - Traveling Count,95,1,2.282,,2
S278943265,Black-and-white Warbler,Mniotilta varia,33962,1,US-FL,Palm Beach,L7920142,Orchard View Park,26.436809,-80.113609,2025-10-12,09:46 AM,eBird - Traveling Count,133,1,.589,,2
S278943265,Tennessee Warbler,Leiothlypis peregrina,33972,1,US-FL,Palm Beach,L7920142,Orchard View Park,26.436809,-80.113609,2025-10-12,09:46 AM,eBird - Traveling Count,133,1,.589,,2,,,,643772797
S280309430,Tennessee Warbler,Leiothlypis peregrina,33972,1,US-FL,Palm Beach,L7920142,Orchard View Park,26.436809,-80.113609,2025-10-19,08:04 AM,eBird - Traveling Count,129,1,.51,,2
S280417048,Tennessee Warbler,Leiothlypis peregrina,33972,1,US-FL,Palm Beach,L7920142,Orchard View Park,26.436809,-80.113609,2025-10-19,08:11 AM,eBird - Traveling Count,126,1,.47,,16
S209641160,Common Yellowthroat,Geothlypis trichas,34028,1,US-FL,Broward,L9493424,Everglades and Francis S. Taylor WMA--MM32,26.146886,-80.5713701,2025-01-17,02:19 PM,eBird - Traveling Count,63,1,.713,,2,,,,629271632
S234546422,Common Yellowthroat,Geothlypis trichas,34028,X,US-NY,New York,L44380986,Bryant Park,40.753318,-73.983431,2025-05-08,08:45 AM,eBird - Casual Observation,,0,,,1
S212516841,Common Yellowthroat,Geothlypis trichas,34028,1,US-FL,Palm Beach,L246929,Green Cay Wetlands & Nature Center,26.4861584,-80.1607561,2025-02-08,03:40 PM,eBird - Traveling Count,183,1,1.899,,2,,,,630426214
S278064862,Common Yellowthroat,Geothlypis trichas,34028,1,US-FL,Palm Beach,L635288,Loxahatchee NWR--Marsh Trail,26.4928139,-80.2168894,2025-10-08,05:10 PM,eBird - Traveling Count,115,1,1.389,,2
S303034767,Common Yellowthroat,Geothlypis trichas,34028,1,US-FL,Palm Beach,L635288,Loxahatchee NWR--Marsh Trail,26.4928139,-80.2168894,2026-02-22,07:53 AM,eBird - Traveling Count,177,1,2.553,,2,,,,651483972
S280417048,Common Yellowthroat,Geothlypis trichas,34028,1,US-FL,Palm Beach,L7920142,Orchard View Park,26.436809,-80.113609,2025-10-19,08:11 AM,eBird - Traveling Count,126,1,.47,,16
S217107385,Common Yellowthroat,Geothlypis trichas,34028,1,US-FL,Palm Beach,L1017638,Peaceful Waters Sanctuary,26.631443,-80.2332294,2025-03-07,03:36 PM,eBird - Traveling Count,169,1,4.097,,2
S278064862,American Redstart,Setophaga ruticilla,34058,1,US-FL,Palm Beach,L635288,Loxahatchee NWR--Marsh Trail,26.4928139,-80.2168894,2025-10-08,05:10 PM,eBird - Traveling Count,115,1,1.389,,2
S278943265,American Redstart,Setophaga ruticilla,34058,1,US-FL,Palm Beach,L7920142,Orchard View Park,26.436809,-80.113609,2025-10-12,09:46 AM,eBird - Traveling Count,133,1,.589,,2
S280309430,American Redstart,Setophaga ruticilla,34058,1,US-FL,Palm Beach,L7920142,Orchard View Park,26.436809,-80.113609,2025-10-19,08:04 AM,eBird - Traveling Count,129,1,.51,,2,,,,643775010
S280417048,American Redstart,Setophaga ruticilla,34058,5,US-FL,Palm Beach,L7920142,Orchard View Park,26.436809,-80.113609,2025-10-19,08:11 AM,eBird - Traveling Count,126,1,.47,,16,,,,643794008
S278943265,Cape May Warbler,Setophaga tigrina,34060,1,US-FL,Palm Beach,L7920142,Orchard View Park,26.436809,-80.113609,2025-10-12,09:46 AM,eBird - Traveling Count,133,1,.589,,2,,,,643772807
S280309430,Cape May Warbler,Setophaga tigrina,34060,1,US-FL,Palm Beach,L7920142,Orchard View Park,26.436809,-80.113609,2025-10-19,08:04 AM,eBird - Traveling Count,129,1,.51,,2,,,,643775377
S280417048,Cape May Warbler,Setophaga tigrina,34060,3,US-FL,Palm Beach,L7920142,Orchard View Park,26.436809,-80.113609,2025-10-19,08:11 AM,eBird - Traveling Count,126,1,.47,,16,,,,643794154
S303034767,Northern Parula,Setophaga americana,34063,1,US-FL,Palm Beach,L635288,Loxahatchee NWR--Marsh Trail,26.4928139,-80.2168894,2026-02-22,07:53 AM,eBird - Traveling Count,177,1,2.553,,2,,,,651507026 651507027 651507028 651507029
S278943265,Northern Parula,Setophaga americana,34063,1,US-FL,Palm Beach,L7920142,Orchard View Park,26.436809,-80.113609,2025-10-12,09:46 AM,eBird - Traveling Count,133,1,.589,,2,,,,643773699
S280309430,Northern Parula,Setophaga americana,34063,1,US-FL,Palm Beach,L7920142,Orchard View Park,26.436809,-80.113609,2025-10-19,08:04 AM,eBird - Traveling Count,129,1,.51,,2,,,,643775715
S280417048,Northern Parula,Setophaga americana,34063,5,US-FL,Palm Beach,L7920142,Orchard View Park,26.436809,-80.113609,2025-10-19,08:11 AM,eBird - Traveling Count,126,1,.47,,16
S210783263,Northern Parula,Setophaga americana,34063,1,US-FL,Palm Beach,L127416,Spanish River Park,26.3829,-80.0692,2025-01-26,10:30 AM,eBird - Traveling Count,152,1,2.072,,2
S301164021,Northern Parula,Setophaga americana,34063,1,US-FL,Palm Beach,L127416,Spanish River Park,26.3829,-80.0692,2026-02-15,04:35 PM,eBird - Traveling Count,93,1,1.548,,2,,,,651007655 651007656 651007657 651007658 651007659
S280309430,Magnolia Warbler,Setophaga magnolia,34079,1,US-FL,Palm Beach,L7920142,Orchard View Park,26.436809,-80.113609,2025-10-19,08:04 AM,eBird - Traveling Count,129,1,.51,,2,,,,649332991 649333047
S280417048,Magnolia Warbler,Setophaga magnolia,34079,2,US-FL,Palm Beach,L7920142,Orchard View Park,26.436809,-80.113609,2025-10-19,08:11 AM,eBird - Traveling Count,126,1,.47,,16,,,,643793889
S385853974,Northern Yellow Warbler,Setophaga aestiva,34087,1,US-FL,Palm Beach,L364884,Duda Farms - PRIVATE PROPERTY (Access via AE Trips Only),26.6485226,-80.6388446,2026-08-22,06:59 AM,eBird - Traveling Count,393,0,26.807,,2
S280309430,Black-throated Blue Warbler,Setophaga caerulescens,34141,1,US-FL,Palm Beach,L7920142,Orchard View Park,26.436809,-80.113609,2025-10-19,08:04 AM,eBird - Traveling Count,129,1,.51,,2,,,,649333031
S280417048,Black-throated Blue Warbler,Setophaga caerulescens,34141,2,US-FL,Palm Beach,L7920142,Orchard View Park,26.436809,-80.113609,2025-10-19,08:11 AM,eBird - Traveling Count,126,1,.47,,16
S209641160,Palm Warbler,Setophaga palmarum,34148,1,US-FL,Broward,L9493424,Everglades and Francis S. Taylor WMA--MM32,26.146886,-80.5713701,2025-01-17,02:19 PM,eBird - Traveling Count,63,1,.713,,2
S212516841,Palm Warbler,Setophaga palmarum,34148,1,US-FL,Palm Beach,L246929,Green Cay Wetlands & Nature Center,26.4861584,-80.1607561,2025-02-08,03:40 PM,eBird - Traveling Count,183,1,1.899,,2
S295249336,Palm Warbler,Setophaga palmarum,34148,3,US-FL,Palm Beach,L246929,Green Cay Wetlands & Nature Center,26.4861584,-80.1607561,2026-01-19,03:40 PM,eBird - Traveling Count,126,1,1.37,,2
S199600900,Palm Warbler,Setophaga palmarum,34148,X,US-FL,Palm Beach,L36267176,Lotus Palm,26.375345,-80.174207,2024-10-20,,eBird - Casual Observation,,0,,,1
S200245558,Palm Warbler,Setophaga palmarum,34148,X,US-FL,Palm Beach,L36267176,Lotus Palm,26.375345,-80.174207,2024-10-20,09:57 AM,eBird - Casual Observation,,0,,,1
S208517533,Palm Warbler,Setophaga palmarum,34148,1,US-FL,Palm Beach,L36267176,Lotus Palm,26.375345,-80.174207,2025-01-08,09:53 AM,eBird - Casual Observation,,0,,,1
S212170885,Palm Warbler,Setophaga palmarum,34148,1,US-FL,Palm Beach,L36267176,Lotus Palm,26.375345,-80.174207,2025-02-06,08:38 AM,eBird - Casual Observation,,0,,,1
S302403212,Palm Warbler,Setophaga palmarum,34148,1,US-FL,Palm Beach,L36267176,Lotus Palm,26.375345,-80.174207,2026-02-20,08:37 AM,eBird - Stationary Count,50,1,,,2
S304220603,Palm Warbler,Setophaga palmarum,34148,1,US-FL,Palm Beach,L36267176,Lotus Palm,26.375345,-80.174207,2026-02-27,08:04 AM,eBird - Stationary Count,5,1,,,1
S208893235,Palm Warbler,Setophaga palmarum,34148,1,US-FL,Palm Beach,L127408,Loxahatchee NWR,26.4986442,-80.2246141,2025-01-11,12:03 PM,eBird - Traveling Count,194,1,2.489,,2,,,also checked on drive out to Bedner's,628980937
S210840161,Palm Warbler,Setophaga palmarum,34148,3,US-FL,Palm Beach,L635288,Loxahatchee NWR--Marsh Trail,26.4928139,-80.2168894,2025-01-26,03:08 PM,eBird - Traveling Count,184,1,2.069,,2
S293531388,Palm Warbler,Setophaga palmarum,34148,1,US-FL,Palm Beach,L635288,Loxahatchee NWR--Marsh Trail,26.4928139,-80.2168894,2026-01-10,02:47 PM,eBird - Traveling Count,36,1,.995,,2,,,,649298467
S303034767,Palm Warbler,Setophaga palmarum,34148,1,US-FL,Palm Beach,L635288,Loxahatchee NWR--Marsh Trail,26.4928139,-80.2168894,2026-02-22,07:53 AM,eBird - Traveling Count,177,1,2.553,,2
S280309430,Palm Warbler,Setophaga palmarum,34148,1,US-FL,Palm Beach,L7920142,Orchard View Park,26.436809,-80.113609,2025-10-19,08:04 AM,eBird - Traveling Count,129,1,.51,,2
S280417048,Palm Warbler,Setophaga palmarum,34148,9,US-FL,Palm Beach,L7920142,Orchard View Park,26.436809,-80.113609,2025-10-19,08:11 AM,eBird - Traveling Count,126,1,.47,,16,,,,643794319
S286786804,Palm Warbler,Setophaga palmarum,34148,1,US-FL,Palm Beach,L17950366,Paul Rardin Park,26.7492128,-80.6823063,2025-11-30,07:56 AM,eBird - Traveling Count,78,1,.173,,2
S217107385,Palm Warbler,Setophaga palmarum,34148,1,US-FL,Palm Beach,L1017638,Peaceful Waters Sanctuary,26.631443,-80.2332294,2025-03-07,03:36 PM,eBird - Traveling Count,169,1,4.097,,2
S284602086,Palm Warbler,Setophaga palmarum,34148,6,US-FL,Palm Beach,L1017638,Peaceful Waters Sanctuary,26.631443,-80.2332294,2025-11-15,09:31 AM,eBird - Traveling Count,191,1,1.742,,2
S285580884,Palm Warbler,Setophaga palmarum,34148,1,US-FL,Palm Beach,L4478244,Sem-Chi Rice Road (Does Not Include Atlantic Sugar Mill),26.6668727,-80.4574621,2025-11-22,08:19 AM,eBird - Traveling Count,71,1,5.109,,2
S210783263,Palm Warbler,Setophaga palmarum,34148,1,US-FL,Palm Beach,L127416,Spanish River Park,26.3829,-80.0692,2025-01-26,10:30 AM,eBird - Traveling Count,152,1,2.072,,2
S285599889,Palm Warbler,Setophaga palmarum,34148,2,US-FL,Palm Beach,L1027913,Stormwater Treatment Area 1E - Public Use Area,26.6836236,-80.3512144,2025-11-22,10:33 AM,eBird - Traveling Count,22,1,.385,,2
S285592191,Palm Warbler,Setophaga palmarum,34148,1,US-FL,Palm Beach,L7086958,Stormwater Treatment Area 1W (Limited Access),26.6762842,-80.4273806,2025-11-22,10:13 AM,eBird - Traveling Count,7,1,.093,,2
S207115735,Palm Warbler,Setophaga palmarum,34148,1,US-FL,Palm Beach,L143084,Wakodahatchee Wetlands,26.4781984,-80.144738,2024-12-29,03:35 PM,eBird - Traveling Count,120,1,.807,,2
S285625770,Palm Warbler,Setophaga palmarum,34148,3,US-FL,Palm Beach,L1023544,Wellington Environmental Preserve,26.6293528,-80.3059387,2025-11-22,11:22 AM,eBird - Traveling Count,108,1,1.852,,2
S281324584,Yellow-rumped Warbler,Setophaga coronata,34159,3,US-OH,Cuyahoga,L618902,Cleveland Lakefront Nature Preserve,41.5445933,-81.6327095,2025-10-25,02:48 PM,eBird - Traveling Count,92,1,1.105,,2
S212516841,Yellow-rumped Warbler,Setophaga coronata,34159,1,US-FL,Palm Beach,L246929,Green Cay Wetlands & Nature Center,26.4861584,-80.1607561,2025-02-08,03:40 PM,eBird - Traveling Count,183,1,1.899,,2,,,,630432776
S295249336,Yellow-rumped Warbler,Setophaga coronata,34159,1,US-FL,Palm Beach,L246929,Green Cay Wetlands & Nature Center,26.4861584,-80.1607561,2026-01-19,03:40 PM,eBird - Traveling Count,126,1,1.37,,2
S293531388,Yellow-rumped Warbler,Setophaga coronata,34159,1,US-FL,Palm Beach,L635288,Loxahatchee NWR--Marsh Trail,26.4928139,-80.2168894,2026-01-10,02:47 PM,eBird - Traveling Count,36,1,.995,,2,,,,649298619
S303034767,Yellow-rumped Warbler,Setophaga coronata,34159,1,US-FL,Palm Beach,L635288,Loxahatchee NWR--Marsh Trail,26.4928139,-80.2168894,2026-02-22,07:53 AM,eBird - Traveling Count,177,1,2.553,,2,,,,651507171
S217107385,Yellow-rumped Warbler,Setophaga coronata,34159,2,US-FL,Palm Beach,L1017638,Peaceful Waters Sanctuary,26.631443,-80.2332294,2025-03-07,03:36 PM,eBird - Traveling Count,169,1,4.097,,2
S284602086,Yellow-rumped Warbler,Setophaga coronata,34159,3,US-FL,Palm Beach,L1017638,Peaceful Waters Sanctuary,26.631443,-80.2332294,2025-11-15,09:31 AM,eBird - Traveling Count,191,1,1.742,,2
S285580884,Yellow-rumped Warbler,Setophaga coronata,34159,1,US-FL,Palm Beach,L4478244,Sem-Chi Rice Road (Does Not Include Atlantic Sugar Mill),26.6668727,-80.4574621,2025-11-22,08:19 AM,eBird - Traveling Count,71,1,5.109,,2
S285625770,Yellow-rumped Warbler,Setophaga coronata,34159,1,US-FL,Palm Beach,L1023544,Wellington Environmental Preserve,26.6293528,-80.3059387,2025-11-22,11:22 AM,eBird - Traveling Count,108,1,1.852,,2
S284602086,Yellow-rumped Warbler (Myrtle),Setophaga coronata coronata,34160,1,US-FL,Palm Beach,L1017638,Peaceful Waters Sanctuary,26.631443,-80.2332294,2025-11-15,09:31 AM,eBird - Traveling Count,191,1,1.742,,2
S210783263,Yellow-rumped Warbler (Myrtle),Setophaga coronata coronata,34160,1,US-FL,Palm Beach,L127416,Spanish River Park,26.3829,-80.0692,2025-01-26,10:30 AM,eBird - Traveling Count,152,1,2.072,,2
S208893235,Yellow-throated Warbler,Setophaga dominica,34171,1,US-FL,Palm Beach,L127408,Loxahatchee NWR,26.4986442,-80.2246141,2025-01-11,12:03 PM,eBird - Traveling Count,194,1,2.489,,2,,,also checked on drive out to Bedner's,628980955 628980956 628980957
S284602086,Yellow-throated Warbler,Setophaga dominica,34171,1,US-FL,Palm Beach,L1017638,Peaceful Waters Sanctuary,26.631443,-80.2332294,2025-11-15,09:31 AM,eBird - Traveling Count,191,1,1.742,,2,,,,645279599
S284602086,Prairie Warbler,Setophaga discolor,34185,1,US-FL,Palm Beach,L1017638,Peaceful Waters Sanctuary,26.631443,-80.2332294,2025-11-15,09:31 AM,eBird - Traveling Count,191,1,1.742,,2,,,,645279621
S290559994,Slate-throated Redstart,Myioborus miniatus,34360,X,PE-CUS,,L1811275,Inkaterra Machu Picchu Pueblo Hotel,-13.1576666,-72.5224949,2025-12-27,10:27 AM,eBird - Casual Observation,,0,,,1,,,,648546930 648546931 648546932 648546933 648546934 648546935
S286786804,Western Tanager,Piranga ludoviciana,34439,1,US-FL,Palm Beach,L17950366,Paul Rardin Park,26.7492128,-80.6823063,2025-11-30,07:56 AM,eBird - Traveling Count,78,1,.173,,2,,Continuing. Need to confirm and upload pics,,646123736 646123810
S239995555,Northern Cardinal,Cardinalis cardinalis,34515,1,US-FL,Palm Beach,L2824594,Florida Atlantic University Ecological Site,26.377813,-80.1047301,2025-05-18,06:44 PM,eBird - Traveling Count,68,1,.933,,2
S212516841,Northern Cardinal,Cardinalis cardinalis,34515,1,US-FL,Palm Beach,L246929,Green Cay Wetlands & Nature Center,26.4861584,-80.1607561,2025-02-08,03:40 PM,eBird - Traveling Count,183,1,1.899,,2,,,,630427297
S209090098,Northern Cardinal,Cardinalis cardinalis,34515,3,US-FL,Palm Beach,L127408,Loxahatchee NWR,26.4986442,-80.2246141,2025-01-12,03:39 PM,eBird - Traveling Count,143,1,2.229,,2,,,,629009508
S215126133,Northern Cardinal,Cardinalis cardinalis,34515,2,US-FL,Palm Beach,L635288,Loxahatchee NWR--Marsh Trail,26.4928139,-80.2168894,2025-02-23,02:55 PM,eBird - Traveling Count,193,1,6.954,,2
S278064862,Northern Cardinal,Cardinalis cardinalis,34515,1,US-FL,Palm Beach,L635288,Loxahatchee NWR--Marsh Trail,26.4928139,-80.2168894,2025-10-08,05:10 PM,eBird - Traveling Count,115,1,1.389,,2
S303034767,Northern Cardinal,Cardinalis cardinalis,34515,2,US-FL,Palm Beach,L635288,Loxahatchee NWR--Marsh Trail,26.4928139,-80.2168894,2026-02-22,07:53 AM,eBird - Traveling Count,177,1,2.553,,2,,,,651484497
S278943265,Northern Cardinal,Cardinalis cardinalis,34515,1,US-FL,Palm Beach,L7920142,Orchard View Park,26.436809,-80.113609,2025-10-12,09:46 AM,eBird - Traveling Count,133,1,.589,,2
S280309430,Northern Cardinal,Cardinalis cardinalis,34515,1,US-FL,Palm Beach,L7920142,Orchard View Park,26.436809,-80.113609,2025-10-19,08:04 AM,eBird - Traveling Count,129,1,.51,,2
S280417048,Northern Cardinal,Cardinalis cardinalis,34515,2,US-FL,Palm Beach,L7920142,Orchard View Park,26.436809,-80.113609,2025-10-19,08:11 AM,eBird - Traveling Count,126,1,.47,,16
S223169544,Northern Cardinal,Cardinalis cardinalis,34515,X,US-FL,Palm Beach,L42141670,Palm Tree Farm,26.453135,-80.178196,2025-04-05,12:55 PM,eBird - Casual Observation,,0,,,1
S217107385,Northern Cardinal,Cardinalis cardinalis,34515,1,US-FL,Palm Beach,L1017638,Peaceful Waters Sanctuary,26.631443,-80.2332294,2025-03-07,03:36 PM,eBird - Traveling Count,169,1,4.097,,2
S250400839,Northern Cardinal,Cardinalis cardinalis,34515,1,US-FL,Palm Beach,L2685255,Pine Glades Natural Area,26.9416978,-80.257144,2025-06-14,06:01 PM,eBird - Traveling Count,137,1,4.754,,2
S202714556,Northern Cardinal,Cardinalis cardinalis,34515,X,US-FL,Palm Beach,L38077438,Pondhawk,26.389776,-80.117175,2024-11-16,,eBird - Casual Observation,,0,,,1
S210783263,Northern Cardinal,Cardinalis cardinalis,34515,1,US-FL,Palm Beach,L127416,Spanish River Park,26.3829,-80.0692,2025-01-26,10:30 AM,eBird - Traveling Count,152,1,2.072,,2
S290995950,Black-backed Grosbeak,Pheucticus aureoventris,34550,2,PE-CUS,,L56519534,El Alberque Hotel,-13.262395,-72.270609,2025-12-29,08:50 AM,eBird - Traveling Count,51,1,.183,,2
S291161388,Black-backed Grosbeak,Pheucticus aureoventris,34550,1,PE-CUS,,L11989150,Santuario de Colibríes--Ensifera Camp,-13.2569681,-72.1739531,2025-12-30,06:32 AM,eBird - Traveling Count,103,1,.21,,2,,,,648240305
S280309430,Rose-breasted Grosbeak,Pheucticus ludovicianus,34557,1,US-FL,Palm Beach,L7920142,Orchard View Park,26.436809,-80.113609,2025-10-19,08:04 AM,eBird - Traveling Count,129,1,.51,,2,,,,649333067
S280417048,Rose-breasted Grosbeak,Pheucticus ludovicianus,34557,2,US-FL,Palm Beach,L7920142,Orchard View Park,26.436809,-80.113609,2025-10-19,08:11 AM,eBird - Traveling Count,126,1,.47,,16,,,,643793789
S224704037,Indigo Bunting,Passerina cyanea,34607,2,US-FL,Palm Beach,L127408,Loxahatchee NWR,26.4986442,-80.2246141,2025-04-11,05:07 PM,eBird - Traveling Count,168,1,6.697,,2
S210840161,Indigo Bunting,Passerina cyanea,34607,1,US-FL,Palm Beach,L635288,Loxahatchee NWR--Marsh Trail,26.4928139,-80.2168894,2025-01-26,03:08 PM,eBird - Traveling Count,184,1,2.069,,2,,,,629738188 629738217
S215126133,Indigo Bunting,Passerina cyanea,34607,2,US-FL,Palm Beach,L635288,Loxahatchee NWR--Marsh Trail,26.4928139,-80.2168894,2025-02-23,02:55 PM,eBird - Traveling Count,193,1,6.954,,2
S212516841,Painted Bunting,Passerina ciris,34621,3,US-FL,Palm Beach,L246929,Green Cay Wetlands & Nature Center,26.4861584,-80.1607561,2025-02-08,03:40 PM,eBird - Traveling Count,183,1,1.899,,2,,,,630434294 630434295 630434296
S209090098,Painted Bunting,Passerina ciris,34621,5,US-FL,Palm Beach,L127408,Loxahatchee NWR,26.4986442,-80.2246141,2025-01-12,03:39 PM,eBird - Traveling Count,143,1,2.229,,2,,,,629009671 629009747
S224704037,Painted Bunting,Passerina ciris,34621,1,US-FL,Palm Beach,L127408,Loxahatchee NWR,26.4986442,-80.2246141,2025-04-11,05:07 PM,eBird - Traveling Count,168,1,6.697,,2
S210840161,Painted Bunting,Passerina ciris,34621,8,US-FL,Palm Beach,L635288,Loxahatchee NWR--Marsh Trail,26.4928139,-80.2168894,2025-01-26,03:08 PM,eBird - Traveling Count,184,1,2.069,,2,,,,629738519
S215126133,Painted Bunting,Passerina ciris,34621,2,US-FL,Palm Beach,L635288,Loxahatchee NWR--Marsh Trail,26.4928139,-80.2168894,2025-02-23,02:55 PM,eBird - Traveling Count,193,1,6.954,,2
S290995950,Blue-and-yellow Tanager,Rauenia bonariensis,34920,1,PE-CUS,,L56519534,El Alberque Hotel,-13.262395,-72.270609,2025-12-29,08:50 AM,eBird - Traveling Count,51,1,.183,,2
S291161388,Blue-and-yellow Tanager,Rauenia bonariensis,34920,2,PE-CUS,,L11989150,Santuario de Colibríes--Ensifera Camp,-13.2569681,-72.1739531,2025-12-30,06:32 AM,eBird - Traveling Count,103,1,.21,,2,,,,648238695
S288607894,Blue-gray Tanager,Thraupis episcopus,34933,2,PE-LIM,,L55952052,Barranco,-12.148151,-77.022237,2025-12-14,01:31 PM,eBird - Traveling Count,78,1,.881,,2
S290741191,Blue-gray Tanager,Thraupis episcopus,34933,10,PE-CUS,,L1811275,Inkaterra Machu Picchu Pueblo Hotel,-13.1576666,-72.5224949,2025-12-28,06:28 AM,eBird - Traveling Count,106,1,.425,,7,,,,648482724
S290636415,Blue-gray Tanager,Thraupis episcopus,34933,1,PE-CUS,,L1004819,Santuario Historico Machu Picchu--Machu Picchu Ruinas (Valqui B3.2),-13.163607,-72.546165,2025-12-27,02:15 PM,eBird - Traveling Count,171,1,.44,,2
S290741191,Blue-gray Tanager (White-edged),Thraupis episcopus [episcopus Group],34941,2,PE-CUS,,L1811275,Inkaterra Machu Picchu Pueblo Hotel,-13.1576666,-72.5224949,2025-12-28,06:28 AM,eBird - Traveling Count,106,1,.425,,7,,,,648482647 648482661
S290741191,Palm Tanager,Thraupis palmarum,34957,2,PE-CUS,,L1811275,Inkaterra Machu Picchu Pueblo Hotel,-13.1576666,-72.5224949,2025-12-28,06:28 AM,eBird - Traveling Count,106,1,.425,,7,,,,648482590 648482591 648482592
S290741191,Blue-necked Tanager,Stilpnia cyanicollis,35027,1,PE-CUS,,L1811275,Inkaterra Machu Picchu Pueblo Hotel,-13.1576666,-72.5224949,2025-12-28,06:28 AM,eBird - Traveling Count,106,1,.425,,7,,,,648482761
S290741191,Saffron-crowned Tanager,Tangara xanthocephala,35102,1,PE-CUS,,L1811275,Inkaterra Machu Picchu Pueblo Hotel,-13.1576666,-72.5224949,2025-12-28,06:28 AM,eBird - Traveling Count,106,1,.425,,7,,,,648482828
S291161388,Black-throated Flowerpiercer,Diglossa brunneiventris,35285,2,PE-CUS,,L11989150,Santuario de Colibríes--Ensifera Camp,-13.2569681,-72.1739531,2025-12-30,06:32 AM,eBird - Traveling Count,103,1,.21,,2,,,,648239403 648239404
S291473773,Peruvian Sierra Finch,Phrygilus punensis,35344,1,PE-CUS,,L9132151,Centro Arqueológico de Chinchero,-13.3894526,-72.0462584,2025-12-31,04:30 PM,eBird - Traveling Count,39,1,.649,,3,,,,648241500 648241501
S291473773,Ash-breasted Sierra Finch,Geospizopsis plebejus,35385,2,PE-CUS,,L9132151,Centro Arqueológico de Chinchero,-13.3894526,-72.0462584,2025-12-31,04:30 PM,eBird - Traveling Count,39,1,.649,,3,,,,648241707
S291161388,Chestnut-breasted Mountain Finch,Poospizopsis caesar,35439,4,PE-CUS,,L11989150,Santuario de Colibríes--Ensifera Camp,-13.2569681,-72.1739531,2025-12-30,06:32 AM,eBird - Traveling Count,103,1,.21,,2,,,,648240345
S288473203,Saffron Finch,Sicalis flaveola,35477,X,PE-LIM,,L55952052,Barranco,-12.148151,-77.022237,2025-12-13,06:02 PM,eBird - Casual Observation,,0,,,1,,,,646905589 646905590 646905591
S288607894,Saffron Finch,Sicalis flaveola,35477,1,PE-LIM,,L55952052,Barranco,-12.148151,-77.022237,2025-12-14,01:31 PM,eBird - Traveling Count,78,1,.881,,2
S288607894,Blue-black Grassquit,Volatinia jacarina,35510,1,PE-LIM,,L55952052,Barranco,-12.148151,-77.022237,2025-12-14,01:31 PM,eBird - Traveling Count,78,1,.881,,2,,,,648361798 648361799
S288731385,Chestnut-throated Seedeater,Sporophila telasco,35528,2,PE-LIM,,L24387723,Refugio de Vida Silvestre Los Pantanos de Villa--Entrada,-12.2119372,-76.9902818,2025-12-15,10:47 AM,eBird - Traveling Count,91,1,.354,,3,,Male and female,,648483400
S270664440,Bananaquit,Coereba flaveola,35644,3,PR-RG,,L323802,Bosque Nacional El Yunque--Portal del Yunque,18.3392677,-65.7613605,2025-08-31,09:27 AM,eBird - Traveling Count,192,1,22.948,,3,,,,641433920
S290995950,Golden-billed Saltator,Saltator aurantiirostris,35838,1,PE-CUS,,L56519534,El Alberque Hotel,-13.262395,-72.270609,2025-12-29,08:50 AM,eBird - Traveling Count,51,1,.183,,2,,,,648242663
S291161388,Golden-billed Saltator,Saltator aurantiirostris,35838,1,PE-CUS,,L11989150,Santuario de Colibríes--Ensifera Camp,-13.2569681,-72.1739531,2025-12-30,06:32 AM,eBird - Traveling Count,103,1,.21,,2
